date,value,index_id,index_name
2026-04-03,79.81,000300,钛矿综合指数 (Ti-Ore Composite)
2026-04-02,79.81,000300,钛矿综合指数 (Ti-Ore Composite)
2026-04-01,79.81,000300,钛矿综合指数 (Ti-Ore Composite)
2026-03-31,79.81,000300,钛矿综合指数 (Ti-Ore Composite)
2026-03-30,79.81,000300,钛矿综合指数 (Ti-Ore Composite)
2026-03-27,80.33,000300,钛矿综合指数 (Ti-Ore Composite)
2026-03-26,80.33,000300,钛矿综合指数 (Ti-Ore Composite)
2026-03-25,80.33,000300,钛矿综合指数 (Ti-Ore Composite)
2026-03-24,80.4,000300,钛矿综合指数 (Ti-Ore Composite)
2026-03-23,80.61,000300,钛矿综合指数 (Ti-Ore Composite)
2026-03-20,80.61,000300,钛矿综合指数 (Ti-Ore Composite)
2026-03-19,80.61,000300,钛矿综合指数 (Ti-Ore Composite)
2026-03-18,80.61,000300,钛矿综合指数 (Ti-Ore Composite)
2026-03-17,80.61,000300,钛矿综合指数 (Ti-Ore Composite)
2026-03-16,80.84,000300,钛矿综合指数 (Ti-Ore Composite)
2026-03-13,80.84,000300,钛矿综合指数 (Ti-Ore Composite)
2026-03-12,80.98,000300,钛矿综合指数 (Ti-Ore Composite)
2026-03-11,80.98,000300,钛矿综合指数 (Ti-Ore Composite)
2026-03-10,80.98,000300,钛矿综合指数 (Ti-Ore Composite)
2026-03-09,81.07,000300,钛矿综合指数 (Ti-Ore Composite)
2026-03-06,81.33,000300,钛矿综合指数 (Ti-Ore Composite)
2026-03-05,81.33,000300,钛矿综合指数 (Ti-Ore Composite)
2026-03-04,81.54,000300,钛矿综合指数 (Ti-Ore Composite)
2026-03-03,81.69,000300,钛矿综合指数 (Ti-Ore Composite)
2026-03-02,81.69,000300,钛矿综合指数 (Ti-Ore Composite)
2026-02-28,81.69,000300,钛矿综合指数 (Ti-Ore Composite)
2026-02-27,81.69,000300,钛矿综合指数 (Ti-Ore Composite)
2026-02-26,81.69,000300,钛矿综合指数 (Ti-Ore Composite)
2026-02-25,81.69,000300,钛矿综合指数 (Ti-Ore Composite)
2026-02-24,81.69,000300,钛矿综合指数 (Ti-Ore Composite)
2026-02-12,81.69,000300,钛矿综合指数 (Ti-Ore Composite)
2026-02-11,81.69,000300,钛矿综合指数 (Ti-Ore Composite)
2026-02-10,81.69,000300,钛矿综合指数 (Ti-Ore Composite)
2026-02-09,81.69,000300,钛矿综合指数 (Ti-Ore Composite)
2026-02-06,81.98,000300,钛矿综合指数 (Ti-Ore Composite)
2026-02-05,81.98,000300,钛矿综合指数 (Ti-Ore Composite)
2026-02-04,81.98,000300,钛矿综合指数 (Ti-Ore Composite)
2026-02-03,81.98,000300,钛矿综合指数 (Ti-Ore Composite)
2026-02-02,81.98,000300,钛矿综合指数 (Ti-Ore Composite)
2026-01-30,82.27,000300,钛矿综合指数 (Ti-Ore Composite)
2026-01-29,82.66,000300,钛矿综合指数 (Ti-Ore Composite)
2026-01-28,82.95,000300,钛矿综合指数 (Ti-Ore Composite)
2026-01-27,82.95,000300,钛矿综合指数 (Ti-Ore Composite)
2026-01-26,83.16,000300,钛矿综合指数 (Ti-Ore Composite)
2026-01-23,83.16,000300,钛矿综合指数 (Ti-Ore Composite)
2026-01-22,83.16,000300,钛矿综合指数 (Ti-Ore Composite)
2026-01-21,83.26,000300,钛矿综合指数 (Ti-Ore Composite)
2026-01-20,83.26,000300,钛矿综合指数 (Ti-Ore Composite)
2026-01-19,83.26,000300,钛矿综合指数 (Ti-Ore Composite)
2026-01-16,83.26,000300,钛矿综合指数 (Ti-Ore Composite)
2026-01-15,83.26,000300,钛矿综合指数 (Ti-Ore Composite)
2026-01-14,83.26,000300,钛矿综合指数 (Ti-Ore Composite)
2026-01-13,83.26,000300,钛矿综合指数 (Ti-Ore Composite)
2026-01-12,83.26,000300,钛矿综合指数 (Ti-Ore Composite)
2026-01-09,83.26,000300,钛矿综合指数 (Ti-Ore Composite)
2026-01-08,83.26,000300,钛矿综合指数 (Ti-Ore Composite)
2026-01-07,83.26,000300,钛矿综合指数 (Ti-Ore Composite)
2026-01-06,84.16,000300,钛矿综合指数 (Ti-Ore Composite)
2026-01-05,84.16,000300,钛矿综合指数 (Ti-Ore Composite)
2026-01-04,84.27,000300,钛矿综合指数 (Ti-Ore Composite)
2025-12-31,94.59,000300,钛矿综合指数 (Ti-Ore Composite)
2025-12-30,94.59,000300,钛矿综合指数 (Ti-Ore Composite)
2025-12-29,94.59,000300,钛矿综合指数 (Ti-Ore Composite)
2025-12-26,94.85,000300,钛矿综合指数 (Ti-Ore Composite)
2025-12-25,94.85,000300,钛矿综合指数 (Ti-Ore Composite)
2025-12-24,94.85,000300,钛矿综合指数 (Ti-Ore Composite)
2025-12-23,94.85,000300,钛矿综合指数 (Ti-Ore Composite)
2025-12-22,94.89,000300,钛矿综合指数 (Ti-Ore Composite)
2025-12-19,94.89,000300,钛矿综合指数 (Ti-Ore Composite)
2025-12-18,94.89,000300,钛矿综合指数 (Ti-Ore Composite)
2025-12-17,94.89,000300,钛矿综合指数 (Ti-Ore Composite)
2025-12-16,94.89,000300,钛矿综合指数 (Ti-Ore Composite)
2025-12-15,94.89,000300,钛矿综合指数 (Ti-Ore Composite)
2025-12-12,94.89,000300,钛矿综合指数 (Ti-Ore Composite)
2025-12-11,94.95,000300,钛矿综合指数 (Ti-Ore Composite)
2025-12-10,95.1,000300,钛矿综合指数 (Ti-Ore Composite)
2025-12-09,95.1,000300,钛矿综合指数 (Ti-Ore Composite)
2025-12-08,95.1,000300,钛矿综合指数 (Ti-Ore Composite)
2025-12-05,95.2,000300,钛矿综合指数 (Ti-Ore Composite)
2025-12-04,95.2,000300,钛矿综合指数 (Ti-Ore Composite)
2025-12-03,95.2,000300,钛矿综合指数 (Ti-Ore Composite)
2025-12-02,95.79,000300,钛矿综合指数 (Ti-Ore Composite)
2025-12-01,95.79,000300,钛矿综合指数 (Ti-Ore Composite)
2025-11-28,96.0,000300,钛矿综合指数 (Ti-Ore Composite)
2025-11-27,96.05,000300,钛矿综合指数 (Ti-Ore Composite)
2025-11-26,96.05,000300,钛矿综合指数 (Ti-Ore Composite)
2025-11-25,96.05,000300,钛矿综合指数 (Ti-Ore Composite)
2025-11-24,96.05,000300,钛矿综合指数 (Ti-Ore Composite)
2025-11-21,96.32,000300,钛矿综合指数 (Ti-Ore Composite)
2025-11-20,96.32,000300,钛矿综合指数 (Ti-Ore Composite)
2025-11-19,96.32,000300,钛矿综合指数 (Ti-Ore Composite)
2025-11-18,96.32,000300,钛矿综合指数 (Ti-Ore Composite)
2025-11-17,96.32,000300,钛矿综合指数 (Ti-Ore Composite)
2025-11-14,96.75,000300,钛矿综合指数 (Ti-Ore Composite)
2025-11-13,96.75,000300,钛矿综合指数 (Ti-Ore Composite)
2025-11-12,96.75,000300,钛矿综合指数 (Ti-Ore Composite)
2025-11-11,96.75,000300,钛矿综合指数 (Ti-Ore Composite)
2025-11-10,96.75,000300,钛矿综合指数 (Ti-Ore Composite)
2025-11-07,96.75,000300,钛矿综合指数 (Ti-Ore Composite)
2025-11-06,96.91,000300,钛矿综合指数 (Ti-Ore Composite)
2025-11-05,96.91,000300,钛矿综合指数 (Ti-Ore Composite)
2025-11-04,96.94,000300,钛矿综合指数 (Ti-Ore Composite)
2025-11-03,96.94,000300,钛矿综合指数 (Ti-Ore Composite)
2025-10-31,97.16,000300,钛矿综合指数 (Ti-Ore Composite)
2025-10-30,97.16,000300,钛矿综合指数 (Ti-Ore Composite)
2025-10-29,97.16,000300,钛矿综合指数 (Ti-Ore Composite)
2025-10-28,97.16,000300,钛矿综合指数 (Ti-Ore Composite)
2025-10-27,97.16,000300,钛矿综合指数 (Ti-Ore Composite)
2025-10-24,97.37,000300,钛矿综合指数 (Ti-Ore Composite)
2025-10-23,97.72,000300,钛矿综合指数 (Ti-Ore Composite)
2025-10-22,97.72,000300,钛矿综合指数 (Ti-Ore Composite)
2025-10-21,97.72,000300,钛矿综合指数 (Ti-Ore Composite)
2025-10-20,97.9,000300,钛矿综合指数 (Ti-Ore Composite)
2025-10-17,97.9,000300,钛矿综合指数 (Ti-Ore Composite)
2025-10-16,97.9,000300,钛矿综合指数 (Ti-Ore Composite)
2025-10-15,97.95,000300,钛矿综合指数 (Ti-Ore Composite)
2025-10-14,98.2,000300,钛矿综合指数 (Ti-Ore Composite)
2025-10-13,98.3,000300,钛矿综合指数 (Ti-Ore Composite)
2025-10-11,98.37,000300,钛矿综合指数 (Ti-Ore Composite)
2025-10-10,98.37,000300,钛矿综合指数 (Ti-Ore Composite)
2025-10-09,98.37,000300,钛矿综合指数 (Ti-Ore Composite)
2025-09-30,98.37,000300,钛矿综合指数 (Ti-Ore Composite)
2025-09-29,98.38,000300,钛矿综合指数 (Ti-Ore Composite)
2025-09-28,98.38,000300,钛矿综合指数 (Ti-Ore Composite)
2025-09-26,98.38,000300,钛矿综合指数 (Ti-Ore Composite)
2025-09-25,99.4,000300,钛矿综合指数 (Ti-Ore Composite)
2025-09-24,99.4,000300,钛矿综合指数 (Ti-Ore Composite)
2025-09-23,99.4,000300,钛矿综合指数 (Ti-Ore Composite)
2025-09-22,99.4,000300,钛矿综合指数 (Ti-Ore Composite)
2025-09-19,99.13,000300,钛矿综合指数 (Ti-Ore Composite)
2025-09-18,99.13,000300,钛矿综合指数 (Ti-Ore Composite)
2025-09-17,99.13,000300,钛矿综合指数 (Ti-Ore Composite)
2025-09-16,99.13,000300,钛矿综合指数 (Ti-Ore Composite)
2025-09-15,99.13,000300,钛矿综合指数 (Ti-Ore Composite)
2025-09-12,99.13,000300,钛矿综合指数 (Ti-Ore Composite)
2025-09-11,99.13,000300,钛矿综合指数 (Ti-Ore Composite)
2025-09-10,99.13,000300,钛矿综合指数 (Ti-Ore Composite)
2025-09-09,99.13,000300,钛矿综合指数 (Ti-Ore Composite)
2025-09-08,98.97,000300,钛矿综合指数 (Ti-Ore Composite)
2025-09-05,98.97,000300,钛矿综合指数 (Ti-Ore Composite)
2025-09-04,98.97,000300,钛矿综合指数 (Ti-Ore Composite)
2025-09-03,99.87,000300,钛矿综合指数 (Ti-Ore Composite)
2025-09-02,99.87,000300,钛矿综合指数 (Ti-Ore Composite)
2025-09-01,99.87,000300,钛矿综合指数 (Ti-Ore Composite)
2025-08-29,99.87,000300,钛矿综合指数 (Ti-Ore Composite)
2025-08-28,99.77,000300,钛矿综合指数 (Ti-Ore Composite)
2025-08-27,99.77,000300,钛矿综合指数 (Ti-Ore Composite)
2025-08-26,99.77,000300,钛矿综合指数 (Ti-Ore Composite)
2025-08-25,99.77,000300,钛矿综合指数 (Ti-Ore Composite)
2025-08-22,99.78,000300,钛矿综合指数 (Ti-Ore Composite)
2025-08-21,99.78,000300,钛矿综合指数 (Ti-Ore Composite)
2025-08-20,99.78,000300,钛矿综合指数 (Ti-Ore Composite)
2025-08-19,99.79,000300,钛矿综合指数 (Ti-Ore Composite)
2025-08-18,99.79,000300,钛矿综合指数 (Ti-Ore Composite)
2025-08-15,99.52,000300,钛矿综合指数 (Ti-Ore Composite)
2025-08-14,99.52,000300,钛矿综合指数 (Ti-Ore Composite)
2025-08-13,99.53,000300,钛矿综合指数 (Ti-Ore Composite)
2025-08-12,99.53,000300,钛矿综合指数 (Ti-Ore Composite)
2025-08-11,99.69,000300,钛矿综合指数 (Ti-Ore Composite)
2025-08-08,100.2,000300,钛矿综合指数 (Ti-Ore Composite)
2025-08-07,100.2,000300,钛矿综合指数 (Ti-Ore Composite)
2025-08-06,100.35,000300,钛矿综合指数 (Ti-Ore Composite)
2025-08-05,100.37,000300,钛矿综合指数 (Ti-Ore Composite)
2025-08-04,100.44,000300,钛矿综合指数 (Ti-Ore Composite)
2025-08-01,100.65,000300,钛矿综合指数 (Ti-Ore Composite)
2025-07-31,100.65,000300,钛矿综合指数 (Ti-Ore Composite)
2025-07-30,100.87,000300,钛矿综合指数 (Ti-Ore Composite)
2025-07-29,100.87,000300,钛矿综合指数 (Ti-Ore Composite)
2025-07-28,100.87,000300,钛矿综合指数 (Ti-Ore Composite)
2025-07-25,100.97,000300,钛矿综合指数 (Ti-Ore Composite)
2025-07-24,100.97,000300,钛矿综合指数 (Ti-Ore Composite)
2025-07-23,100.97,000300,钛矿综合指数 (Ti-Ore Composite)
2025-07-22,100.97,000300,钛矿综合指数 (Ti-Ore Composite)
2025-07-21,100.87,000300,钛矿综合指数 (Ti-Ore Composite)
2025-07-18,100.93,000300,钛矿综合指数 (Ti-Ore Composite)
2025-07-17,100.93,000300,钛矿综合指数 (Ti-Ore Composite)
2025-07-16,100.93,000300,钛矿综合指数 (Ti-Ore Composite)
2025-07-15,101.51,000300,钛矿综合指数 (Ti-Ore Composite)
2025-07-14,101.51,000300,钛矿综合指数 (Ti-Ore Composite)
2025-07-11,101.51,000300,钛矿综合指数 (Ti-Ore Composite)
2025-07-10,102.46,000300,钛矿综合指数 (Ti-Ore Composite)
2025-07-09,102.48,000300,钛矿综合指数 (Ti-Ore Composite)
2025-07-08,102.48,000300,钛矿综合指数 (Ti-Ore Composite)
2025-07-07,102.52,000300,钛矿综合指数 (Ti-Ore Composite)
2025-07-04,102.3,000300,钛矿综合指数 (Ti-Ore Composite)
2025-07-03,102.3,000300,钛矿综合指数 (Ti-Ore Composite)
2025-07-02,102.3,000300,钛矿综合指数 (Ti-Ore Composite)
2025-07-01,102.39,000300,钛矿综合指数 (Ti-Ore Composite)
2025-06-30,102.39,000300,钛矿综合指数 (Ti-Ore Composite)
2025-06-27,102.71,000300,钛矿综合指数 (Ti-Ore Composite)
2025-06-26,102.71,000300,钛矿综合指数 (Ti-Ore Composite)
2025-06-25,103.14,000300,钛矿综合指数 (Ti-Ore Composite)
2025-06-24,103.14,000300,钛矿综合指数 (Ti-Ore Composite)
2025-06-23,103.5,000300,钛矿综合指数 (Ti-Ore Composite)
2025-06-20,104.3,000300,钛矿综合指数 (Ti-Ore Composite)
2025-06-19,104.41,000300,钛矿综合指数 (Ti-Ore Composite)
2025-06-18,104.41,000300,钛矿综合指数 (Ti-Ore Composite)
2025-06-17,104.41,000300,钛矿综合指数 (Ti-Ore Composite)
2025-06-16,104.44,000300,钛矿综合指数 (Ti-Ore Composite)
2025-06-13,104.72,000300,钛矿综合指数 (Ti-Ore Composite)
2025-06-12,104.72,000300,钛矿综合指数 (Ti-Ore Composite)
2025-06-11,104.72,000300,钛矿综合指数 (Ti-Ore Composite)
2025-06-10,105.23,000300,钛矿综合指数 (Ti-Ore Composite)
2025-06-09,105.23,000300,钛矿综合指数 (Ti-Ore Composite)
2025-06-06,105.39,000300,钛矿综合指数 (Ti-Ore Composite)
2025-06-05,105.53,000300,钛矿综合指数 (Ti-Ore Composite)
2025-06-04,105.59,000300,钛矿综合指数 (Ti-Ore Composite)
2025-06-03,105.59,000300,钛矿综合指数 (Ti-Ore Composite)
2025-05-30,105.37,000300,钛矿综合指数 (Ti-Ore Composite)
2025-05-29,105.39,000300,钛矿综合指数 (Ti-Ore Composite)
2025-05-28,105.68,000300,钛矿综合指数 (Ti-Ore Composite)
2025-05-27,105.85,000300,钛矿综合指数 (Ti-Ore Composite)
2025-05-26,106.23,000300,钛矿综合指数 (Ti-Ore Composite)
2025-05-23,106.02,000300,钛矿综合指数 (Ti-Ore Composite)
2025-05-22,106.02,000300,钛矿综合指数 (Ti-Ore Composite)
2025-05-21,105.91,000300,钛矿综合指数 (Ti-Ore Composite)
2025-05-20,105.91,000300,钛矿综合指数 (Ti-Ore Composite)
2025-05-19,105.91,000300,钛矿综合指数 (Ti-Ore Composite)
2025-05-16,105.91,000300,钛矿综合指数 (Ti-Ore Composite)
2025-05-15,105.91,000300,钛矿综合指数 (Ti-Ore Composite)
2025-05-14,105.91,000300,钛矿综合指数 (Ti-Ore Composite)
2025-05-13,105.91,000300,钛矿综合指数 (Ti-Ore Composite)
2025-05-12,106.09,000300,钛矿综合指数 (Ti-Ore Composite)
2025-05-09,107.09,000300,钛矿综合指数 (Ti-Ore Composite)
2025-05-08,107.47,000300,钛矿综合指数 (Ti-Ore Composite)
2025-05-07,107.85,000300,钛矿综合指数 (Ti-Ore Composite)
2025-05-06,108.17,000300,钛矿综合指数 (Ti-Ore Composite)
2025-04-30,108.39,000300,钛矿综合指数 (Ti-Ore Composite)
2025-04-29,108.39,000300,钛矿综合指数 (Ti-Ore Composite)
2025-04-28,108.71,000300,钛矿综合指数 (Ti-Ore Composite)
2025-04-27,109.05,000300,钛矿综合指数 (Ti-Ore Composite)
2025-04-25,109.05,000300,钛矿综合指数 (Ti-Ore Composite)
2025-04-24,109.32,000300,钛矿综合指数 (Ti-Ore Composite)
2025-04-23,109.32,000300,钛矿综合指数 (Ti-Ore Composite)
2025-04-22,109.38,000300,钛矿综合指数 (Ti-Ore Composite)
2025-04-21,109.71,000300,钛矿综合指数 (Ti-Ore Composite)
2025-04-18,109.71,000300,钛矿综合指数 (Ti-Ore Composite)
2025-04-17,109.92,000300,钛矿综合指数 (Ti-Ore Composite)
2025-04-16,109.92,000300,钛矿综合指数 (Ti-Ore Composite)
2025-04-15,109.92,000300,钛矿综合指数 (Ti-Ore Composite)
2025-04-14,109.92,000300,钛矿综合指数 (Ti-Ore Composite)
2025-04-11,110.57,000300,钛矿综合指数 (Ti-Ore Composite)
2025-04-10,110.63,000300,钛矿综合指数 (Ti-Ore Composite)
2025-04-09,110.63,000300,钛矿综合指数 (Ti-Ore Composite)
2025-04-08,110.61,000300,钛矿综合指数 (Ti-Ore Composite)
2025-04-07,110.61,000300,钛矿综合指数 (Ti-Ore Composite)
2025-04-03,110.61,000300,钛矿综合指数 (Ti-Ore Composite)
2025-04-02,110.65,000300,钛矿综合指数 (Ti-Ore Composite)
2025-04-01,110.81,000300,钛矿综合指数 (Ti-Ore Composite)
2025-03-31,110.81,000300,钛矿综合指数 (Ti-Ore Composite)
2025-03-28,110.97,000300,钛矿综合指数 (Ti-Ore Composite)
2025-03-27,111.0,000300,钛矿综合指数 (Ti-Ore Composite)
2025-03-26,111.0,000300,钛矿综合指数 (Ti-Ore Composite)
2025-03-25,111.16,000300,钛矿综合指数 (Ti-Ore Composite)
2025-03-24,111.06,000300,钛矿综合指数 (Ti-Ore Composite)
2025-03-21,111.06,000300,钛矿综合指数 (Ti-Ore Composite)
2025-03-20,111.06,000300,钛矿综合指数 (Ti-Ore Composite)
2025-03-19,111.06,000300,钛矿综合指数 (Ti-Ore Composite)
2025-03-18,111.16,000300,钛矿综合指数 (Ti-Ore Composite)
2025-03-17,111.32,000300,钛矿综合指数 (Ti-Ore Composite)
2025-03-14,111.32,000300,钛矿综合指数 (Ti-Ore Composite)
2025-03-13,111.32,000300,钛矿综合指数 (Ti-Ore Composite)
2025-03-12,111.32,000300,钛矿综合指数 (Ti-Ore Composite)
2025-03-11,111.32,000300,钛矿综合指数 (Ti-Ore Composite)
2025-03-10,111.32,000300,钛矿综合指数 (Ti-Ore Composite)
2025-03-07,111.54,000300,钛矿综合指数 (Ti-Ore Composite)
2025-03-06,111.54,000300,钛矿综合指数 (Ti-Ore Composite)
2025-03-05,111.54,000300,钛矿综合指数 (Ti-Ore Composite)
2025-03-04,111.54,000300,钛矿综合指数 (Ti-Ore Composite)
2025-03-03,111.58,000300,钛矿综合指数 (Ti-Ore Composite)
2025-02-28,111.51,000300,钛矿综合指数 (Ti-Ore Composite)
2025-02-27,111.45,000300,钛矿综合指数 (Ti-Ore Composite)
2025-02-26,111.45,000300,钛矿综合指数 (Ti-Ore Composite)
2025-02-25,111.45,000300,钛矿综合指数 (Ti-Ore Composite)
2025-02-24,111.45,000300,钛矿综合指数 (Ti-Ore Composite)
2025-02-21,111.61,000300,钛矿综合指数 (Ti-Ore Composite)
2025-02-20,111.64,000300,钛矿综合指数 (Ti-Ore Composite)
2025-02-19,111.64,000300,钛矿综合指数 (Ti-Ore Composite)
2025-02-18,111.64,000300,钛矿综合指数 (Ti-Ore Composite)
2025-02-17,111.64,000300,钛矿综合指数 (Ti-Ore Composite)
2025-02-14,111.64,000300,钛矿综合指数 (Ti-Ore Composite)
2025-02-13,111.64,000300,钛矿综合指数 (Ti-Ore Composite)
2025-02-12,111.37,000300,钛矿综合指数 (Ti-Ore Composite)
2025-02-11,111.37,000300,钛矿综合指数 (Ti-Ore Composite)
2025-02-10,111.37,000300,钛矿综合指数 (Ti-Ore Composite)
2025-02-08,111.26,000300,钛矿综合指数 (Ti-Ore Composite)
2025-02-07,111.26,000300,钛矿综合指数 (Ti-Ore Composite)
2025-02-06,111.26,000300,钛矿综合指数 (Ti-Ore Composite)
2025-02-05,111.56,000300,钛矿综合指数 (Ti-Ore Composite)
2025-01-24,111.56,000300,钛矿综合指数 (Ti-Ore Composite)
2025-01-23,111.56,000300,钛矿综合指数 (Ti-Ore Composite)
2025-01-22,111.29,000300,钛矿综合指数 (Ti-Ore Composite)
2025-01-21,111.29,000300,钛矿综合指数 (Ti-Ore Composite)
2025-01-20,111.29,000300,钛矿综合指数 (Ti-Ore Composite)
2025-01-17,110.75,000300,钛矿综合指数 (Ti-Ore Composite)
2025-01-16,110.75,000300,钛矿综合指数 (Ti-Ore Composite)
2025-01-15,111.07,000300,钛矿综合指数 (Ti-Ore Composite)
2025-01-14,111.07,000300,钛矿综合指数 (Ti-Ore Composite)
2025-01-13,111.07,000300,钛矿综合指数 (Ti-Ore Composite)
2025-01-10,111.07,000300,钛矿综合指数 (Ti-Ore Composite)
2025-01-09,111.07,000300,钛矿综合指数 (Ti-Ore Composite)
2025-01-08,111.07,000300,钛矿综合指数 (Ti-Ore Composite)
2025-01-07,111.12,000300,钛矿综合指数 (Ti-Ore Composite)
2025-01-06,111.12,000300,钛矿综合指数 (Ti-Ore Composite)
2025-01-03,110.96,000300,钛矿综合指数 (Ti-Ore Composite)
2025-01-02,110.96,000300,钛矿综合指数 (Ti-Ore Composite)
2024-12-31,110.22,000300,钛矿综合指数 (Ti-Ore Composite)
2024-12-30,110.22,000300,钛矿综合指数 (Ti-Ore Composite)
2024-12-27,109.99,000300,钛矿综合指数 (Ti-Ore Composite)
2024-12-26,109.99,000300,钛矿综合指数 (Ti-Ore Composite)
2024-12-25,110.05,000300,钛矿综合指数 (Ti-Ore Composite)
2024-12-24,110.05,000300,钛矿综合指数 (Ti-Ore Composite)
2024-12-23,110.05,000300,钛矿综合指数 (Ti-Ore Composite)
2024-12-20,110.05,000300,钛矿综合指数 (Ti-Ore Composite)
2024-12-19,110.09,000300,钛矿综合指数 (Ti-Ore Composite)
2024-12-18,110.13,000300,钛矿综合指数 (Ti-Ore Composite)
2024-12-17,110.26,000300,钛矿综合指数 (Ti-Ore Composite)
2024-12-16,110.32,000300,钛矿综合指数 (Ti-Ore Composite)
2024-12-13,110.32,000300,钛矿综合指数 (Ti-Ore Composite)
2024-12-12,110.32,000300,钛矿综合指数 (Ti-Ore Composite)
2024-12-11,110.32,000300,钛矿综合指数 (Ti-Ore Composite)
2024-12-10,110.32,000300,钛矿综合指数 (Ti-Ore Composite)
2024-12-09,110.32,000300,钛矿综合指数 (Ti-Ore Composite)
2024-12-06,110.7,000300,钛矿综合指数 (Ti-Ore Composite)
2024-12-05,110.7,000300,钛矿综合指数 (Ti-Ore Composite)
2024-12-04,110.7,000300,钛矿综合指数 (Ti-Ore Composite)
2024-12-03,111.37,000300,钛矿综合指数 (Ti-Ore Composite)
2024-12-02,112.17,000300,钛矿综合指数 (Ti-Ore Composite)
2024-11-29,112.46,000300,钛矿综合指数 (Ti-Ore Composite)
2024-11-28,112.46,000300,钛矿综合指数 (Ti-Ore Composite)
2024-11-27,112.46,000300,钛矿综合指数 (Ti-Ore Composite)
2024-11-26,112.46,000300,钛矿综合指数 (Ti-Ore Composite)
2024-11-25,112.46,000300,钛矿综合指数 (Ti-Ore Composite)
2024-11-22,112.83,000300,钛矿综合指数 (Ti-Ore Composite)
2024-11-21,113.13,000300,钛矿综合指数 (Ti-Ore Composite)
2024-11-20,113.33,000300,钛矿综合指数 (Ti-Ore Composite)
2024-11-19,113.57,000300,钛矿综合指数 (Ti-Ore Composite)
2024-11-18,113.61,000300,钛矿综合指数 (Ti-Ore Composite)
2024-11-15,113.61,000300,钛矿综合指数 (Ti-Ore Composite)
2024-11-14,113.61,000300,钛矿综合指数 (Ti-Ore Composite)
2024-11-13,113.61,000300,钛矿综合指数 (Ti-Ore Composite)
2024-11-12,113.61,000300,钛矿综合指数 (Ti-Ore Composite)
2024-11-11,113.77,000300,钛矿综合指数 (Ti-Ore Composite)
2024-11-08,114.06,000300,钛矿综合指数 (Ti-Ore Composite)
2024-11-07,114.06,000300,钛矿综合指数 (Ti-Ore Composite)
2024-11-06,114.06,000300,钛矿综合指数 (Ti-Ore Composite)
2024-11-05,114.06,000300,钛矿综合指数 (Ti-Ore Composite)
2024-11-04,114.43,000300,钛矿综合指数 (Ti-Ore Composite)
2024-11-01,114.66,000300,钛矿综合指数 (Ti-Ore Composite)
2024-10-31,114.66,000300,钛矿综合指数 (Ti-Ore Composite)
2024-10-30,114.86,000300,钛矿综合指数 (Ti-Ore Composite)
2024-10-29,114.86,000300,钛矿综合指数 (Ti-Ore Composite)
2024-10-28,115.03,000300,钛矿综合指数 (Ti-Ore Composite)
2024-10-25,115.21,000300,钛矿综合指数 (Ti-Ore Composite)
2024-10-24,115.21,000300,钛矿综合指数 (Ti-Ore Composite)
2024-10-23,115.21,000300,钛矿综合指数 (Ti-Ore Composite)
2024-10-22,115.21,000300,钛矿综合指数 (Ti-Ore Composite)
2024-10-21,115.59,000300,钛矿综合指数 (Ti-Ore Composite)
2024-10-18,115.59,000300,钛矿综合指数 (Ti-Ore Composite)
2024-10-17,115.59,000300,钛矿综合指数 (Ti-Ore Composite)
2024-10-16,115.59,000300,钛矿综合指数 (Ti-Ore Composite)
2024-10-15,115.59,000300,钛矿综合指数 (Ti-Ore Composite)
2024-10-14,115.59,000300,钛矿综合指数 (Ti-Ore Composite)
2024-10-12,115.59,000300,钛矿综合指数 (Ti-Ore Composite)
2024-10-11,115.96,000300,钛矿综合指数 (Ti-Ore Composite)
2024-10-10,116.03,000300,钛矿综合指数 (Ti-Ore Composite)
2024-10-09,116.13,000300,钛矿综合指数 (Ti-Ore Composite)
2024-10-08,116.13,000300,钛矿综合指数 (Ti-Ore Composite)
2024-09-30,116.36,000300,钛矿综合指数 (Ti-Ore Composite)
2024-09-29,116.36,000300,钛矿综合指数 (Ti-Ore Composite)
2024-09-27,116.36,000300,钛矿综合指数 (Ti-Ore Composite)
2024-09-26,116.36,000300,钛矿综合指数 (Ti-Ore Composite)
2024-09-25,116.6,000300,钛矿综合指数 (Ti-Ore Composite)
2024-09-24,116.6,000300,钛矿综合指数 (Ti-Ore Composite)
2024-09-23,116.6,000300,钛矿综合指数 (Ti-Ore Composite)
2024-09-20,116.89,000300,钛矿综合指数 (Ti-Ore Composite)
2024-09-19,116.89,000300,钛矿综合指数 (Ti-Ore Composite)
2024-09-18,116.89,000300,钛矿综合指数 (Ti-Ore Composite)
2024-09-14,116.89,000300,钛矿综合指数 (Ti-Ore Composite)
2024-09-13,117.07,000300,钛矿综合指数 (Ti-Ore Composite)
2024-09-12,117.07,000300,钛矿综合指数 (Ti-Ore Composite)
2024-09-11,117.07,000300,钛矿综合指数 (Ti-Ore Composite)
2024-09-10,117.07,000300,钛矿综合指数 (Ti-Ore Composite)
2024-09-09,117.07,000300,钛矿综合指数 (Ti-Ore Composite)
2024-09-06,117.35,000300,钛矿综合指数 (Ti-Ore Composite)
2024-09-05,117.35,000300,钛矿综合指数 (Ti-Ore Composite)
2024-09-04,117.35,000300,钛矿综合指数 (Ti-Ore Composite)
2024-09-03,117.35,000300,钛矿综合指数 (Ti-Ore Composite)
2024-09-02,117.33,000300,钛矿综合指数 (Ti-Ore Composite)
2024-08-30,117.33,000300,钛矿综合指数 (Ti-Ore Composite)
2024-08-29,117.33,000300,钛矿综合指数 (Ti-Ore Composite)
2024-08-28,117.33,000300,钛矿综合指数 (Ti-Ore Composite)
2024-08-27,117.33,000300,钛矿综合指数 (Ti-Ore Composite)
2024-08-26,117.33,000300,钛矿综合指数 (Ti-Ore Composite)
2024-08-23,117.33,000300,钛矿综合指数 (Ti-Ore Composite)
2024-08-22,117.33,000300,钛矿综合指数 (Ti-Ore Composite)
2024-08-21,116.98,000300,钛矿综合指数 (Ti-Ore Composite)
2024-08-20,116.98,000300,钛矿综合指数 (Ti-Ore Composite)
2024-08-19,116.98,000300,钛矿综合指数 (Ti-Ore Composite)
2024-08-16,116.98,000300,钛矿综合指数 (Ti-Ore Composite)
2024-08-15,116.98,000300,钛矿综合指数 (Ti-Ore Composite)
2024-08-14,116.98,000300,钛矿综合指数 (Ti-Ore Composite)
2024-08-13,116.98,000300,钛矿综合指数 (Ti-Ore Composite)
2024-08-12,116.98,000300,钛矿综合指数 (Ti-Ore Composite)
2024-08-09,116.98,000300,钛矿综合指数 (Ti-Ore Composite)
2024-08-08,116.98,000300,钛矿综合指数 (Ti-Ore Composite)
2024-08-07,116.98,000300,钛矿综合指数 (Ti-Ore Composite)
2024-08-06,116.98,000300,钛矿综合指数 (Ti-Ore Composite)
2024-08-05,116.98,000300,钛矿综合指数 (Ti-Ore Composite)
2024-08-02,116.82,000300,钛矿综合指数 (Ti-Ore Composite)
2024-08-01,116.82,000300,钛矿综合指数 (Ti-Ore Composite)
2024-07-31,116.82,000300,钛矿综合指数 (Ti-Ore Composite)
2024-07-30,116.82,000300,钛矿综合指数 (Ti-Ore Composite)
2024-07-29,116.82,000300,钛矿综合指数 (Ti-Ore Composite)
2024-07-26,116.82,000300,钛矿综合指数 (Ti-Ore Composite)
2024-07-25,116.82,000300,钛矿综合指数 (Ti-Ore Composite)
2024-07-24,116.82,000300,钛矿综合指数 (Ti-Ore Composite)
2024-07-23,116.82,000300,钛矿综合指数 (Ti-Ore Composite)
2024-07-22,116.82,000300,钛矿综合指数 (Ti-Ore Composite)
2024-07-19,116.76,000300,钛矿综合指数 (Ti-Ore Composite)
2024-07-18,116.76,000300,钛矿综合指数 (Ti-Ore Composite)
2024-07-17,116.64,000300,钛矿综合指数 (Ti-Ore Composite)
2024-07-16,116.64,000300,钛矿综合指数 (Ti-Ore Composite)
2024-07-15,116.64,000300,钛矿综合指数 (Ti-Ore Composite)
2024-07-12,116.64,000300,钛矿综合指数 (Ti-Ore Composite)
2024-07-11,116.41,000300,钛矿综合指数 (Ti-Ore Composite)
2024-07-10,116.41,000300,钛矿综合指数 (Ti-Ore Composite)
2024-07-09,116.41,000300,钛矿综合指数 (Ti-Ore Composite)
2024-07-08,116.35,000300,钛矿综合指数 (Ti-Ore Composite)
2024-07-05,116.35,000300,钛矿综合指数 (Ti-Ore Composite)
2024-07-04,116.06,000300,钛矿综合指数 (Ti-Ore Composite)
2024-07-03,116.06,000300,钛矿综合指数 (Ti-Ore Composite)
2024-07-02,116.06,000300,钛矿综合指数 (Ti-Ore Composite)
2024-07-01,116.06,000300,钛矿综合指数 (Ti-Ore Composite)
2024-06-28,116.06,000300,钛矿综合指数 (Ti-Ore Composite)
2024-06-27,116.06,000300,钛矿综合指数 (Ti-Ore Composite)
2024-06-26,116.06,000300,钛矿综合指数 (Ti-Ore Composite)
2024-06-25,116.06,000300,钛矿综合指数 (Ti-Ore Composite)
2024-06-24,116.06,000300,钛矿综合指数 (Ti-Ore Composite)
2024-06-21,115.88,000300,钛矿综合指数 (Ti-Ore Composite)
2024-06-20,115.88,000300,钛矿综合指数 (Ti-Ore Composite)
2024-06-19,115.88,000300,钛矿综合指数 (Ti-Ore Composite)
2024-06-18,115.88,000300,钛矿综合指数 (Ti-Ore Composite)
2024-06-17,115.88,000300,钛矿综合指数 (Ti-Ore Composite)
2024-06-14,115.76,000300,钛矿综合指数 (Ti-Ore Composite)
2024-06-13,115.76,000300,钛矿综合指数 (Ti-Ore Composite)
2024-06-12,115.76,000300,钛矿综合指数 (Ti-Ore Composite)
2024-06-11,115.76,000300,钛矿综合指数 (Ti-Ore Composite)
2024-06-07,115.65,000300,钛矿综合指数 (Ti-Ore Composite)
2024-06-06,115.65,000300,钛矿综合指数 (Ti-Ore Composite)
2024-06-05,115.65,000300,钛矿综合指数 (Ti-Ore Composite)
2024-06-04,115.65,000300,钛矿综合指数 (Ti-Ore Composite)
2024-06-03,115.65,000300,钛矿综合指数 (Ti-Ore Composite)
2024-05-31,115.65,000300,钛矿综合指数 (Ti-Ore Composite)
2024-05-30,115.72,000300,钛矿综合指数 (Ti-Ore Composite)
2024-05-29,115.9,000300,钛矿综合指数 (Ti-Ore Composite)
2024-05-28,115.9,000300,钛矿综合指数 (Ti-Ore Composite)
2024-05-27,115.9,000300,钛矿综合指数 (Ti-Ore Composite)
2024-05-24,116.19,000300,钛矿综合指数 (Ti-Ore Composite)
2024-05-23,116.19,000300,钛矿综合指数 (Ti-Ore Composite)
2024-05-22,116.19,000300,钛矿综合指数 (Ti-Ore Composite)
2024-05-21,116.24,000300,钛矿综合指数 (Ti-Ore Composite)
2024-05-20,116.35,000300,钛矿综合指数 (Ti-Ore Composite)
2024-05-17,116.35,000300,钛矿综合指数 (Ti-Ore Composite)
2024-05-16,116.35,000300,钛矿综合指数 (Ti-Ore Composite)
2024-05-15,116.35,000300,钛矿综合指数 (Ti-Ore Composite)
2024-05-14,116.35,000300,钛矿综合指数 (Ti-Ore Composite)
2024-05-13,116.35,000300,钛矿综合指数 (Ti-Ore Composite)
2024-05-11,116.59,000300,钛矿综合指数 (Ti-Ore Composite)
2024-05-10,116.71,000300,钛矿综合指数 (Ti-Ore Composite)
2024-05-09,116.74,000300,钛矿综合指数 (Ti-Ore Composite)
2024-05-08,116.74,000300,钛矿综合指数 (Ti-Ore Composite)
2024-05-07,116.74,000300,钛矿综合指数 (Ti-Ore Composite)
2024-05-06,116.74,000300,钛矿综合指数 (Ti-Ore Composite)
2024-04-30,116.92,000300,钛矿综合指数 (Ti-Ore Composite)
2024-04-29,116.92,000300,钛矿综合指数 (Ti-Ore Composite)
2024-04-28,116.98,000300,钛矿综合指数 (Ti-Ore Composite)
2024-04-26,117.09,000300,钛矿综合指数 (Ti-Ore Composite)
2024-04-25,117.09,000300,钛矿综合指数 (Ti-Ore Composite)
2024-04-24,117.09,000300,钛矿综合指数 (Ti-Ore Composite)
2024-04-23,117.09,000300,钛矿综合指数 (Ti-Ore Composite)
2024-04-22,117.09,000300,钛矿综合指数 (Ti-Ore Composite)
2024-04-19,117.21,000300,钛矿综合指数 (Ti-Ore Composite)
2024-04-18,117.21,000300,钛矿综合指数 (Ti-Ore Composite)
2024-04-17,117.21,000300,钛矿综合指数 (Ti-Ore Composite)
2024-04-16,117.25,000300,钛矿综合指数 (Ti-Ore Composite)
2024-04-15,117.25,000300,钛矿综合指数 (Ti-Ore Composite)
2024-04-12,117.42,000300,钛矿综合指数 (Ti-Ore Composite)
2024-04-11,117.28,000300,钛矿综合指数 (Ti-Ore Composite)
2024-04-10,117.36,000300,钛矿综合指数 (Ti-Ore Composite)
2024-04-09,117.36,000300,钛矿综合指数 (Ti-Ore Composite)
2024-04-08,117.36,000300,钛矿综合指数 (Ti-Ore Composite)
2024-04-07,117.36,000300,钛矿综合指数 (Ti-Ore Composite)
2024-04-03,117.34,000300,钛矿综合指数 (Ti-Ore Composite)
2024-04-02,117.29,000300,钛矿综合指数 (Ti-Ore Composite)
2024-04-01,117.29,000300,钛矿综合指数 (Ti-Ore Composite)
2024-03-29,116.26,000300,钛矿综合指数 (Ti-Ore Composite)
2024-03-28,116.12,000300,钛矿综合指数 (Ti-Ore Composite)
2024-03-27,116.12,000300,钛矿综合指数 (Ti-Ore Composite)
2024-03-26,116.12,000300,钛矿综合指数 (Ti-Ore Composite)
2024-03-25,116.08,000300,钛矿综合指数 (Ti-Ore Composite)
2024-03-22,115.73,000300,钛矿综合指数 (Ti-Ore Composite)
2024-03-21,115.73,000300,钛矿综合指数 (Ti-Ore Composite)
2024-03-20,115.73,000300,钛矿综合指数 (Ti-Ore Composite)
2024-03-19,115.73,000300,钛矿综合指数 (Ti-Ore Composite)
2024-03-18,115.73,000300,钛矿综合指数 (Ti-Ore Composite)
2024-03-17,115.73,000300,钛矿综合指数 (Ti-Ore Composite)
2024-03-15,115.73,000300,钛矿综合指数 (Ti-Ore Composite)
2024-03-14,115.73,000300,钛矿综合指数 (Ti-Ore Composite)
2024-03-13,115.73,000300,钛矿综合指数 (Ti-Ore Composite)
2024-03-12,115.73,000300,钛矿综合指数 (Ti-Ore Composite)
2024-03-11,115.73,000300,钛矿综合指数 (Ti-Ore Composite)
2024-03-08,115.73,000300,钛矿综合指数 (Ti-Ore Composite)
2024-03-07,115.73,000300,钛矿综合指数 (Ti-Ore Composite)
2024-03-06,115.73,000300,钛矿综合指数 (Ti-Ore Composite)
2024-03-05,115.57,000300,钛矿综合指数 (Ti-Ore Composite)
2024-03-04,115.57,000300,钛矿综合指数 (Ti-Ore Composite)
2024-03-01,115.33,000300,钛矿综合指数 (Ti-Ore Composite)
2024-02-29,115.33,000300,钛矿综合指数 (Ti-Ore Composite)
2024-02-28,115.26,000300,钛矿综合指数 (Ti-Ore Composite)
2024-02-27,115.26,000300,钛矿综合指数 (Ti-Ore Composite)
2024-02-26,115.0,000300,钛矿综合指数 (Ti-Ore Composite)
2024-02-23,115.0,000300,钛矿综合指数 (Ti-Ore Composite)
2024-02-22,115.0,000300,钛矿综合指数 (Ti-Ore Composite)
2024-02-21,115.0,000300,钛矿综合指数 (Ti-Ore Composite)
2024-02-20,115.0,000300,钛矿综合指数 (Ti-Ore Composite)
2024-02-19,115.0,000300,钛矿综合指数 (Ti-Ore Composite)
2024-02-18,115.0,000300,钛矿综合指数 (Ti-Ore Composite)
2024-02-05,115.0,000300,钛矿综合指数 (Ti-Ore Composite)
2024-02-04,114.94,000300,钛矿综合指数 (Ti-Ore Composite)
2024-02-02,114.71,000300,钛矿综合指数 (Ti-Ore Composite)
2024-02-01,114.71,000300,钛矿综合指数 (Ti-Ore Composite)
2024-01-31,114.71,000300,钛矿综合指数 (Ti-Ore Composite)
2024-01-30,114.71,000300,钛矿综合指数 (Ti-Ore Composite)
2024-01-29,114.71,000300,钛矿综合指数 (Ti-Ore Composite)
2024-01-26,114.71,000300,钛矿综合指数 (Ti-Ore Composite)
2024-01-25,114.71,000300,钛矿综合指数 (Ti-Ore Composite)
2024-01-24,114.71,000300,钛矿综合指数 (Ti-Ore Composite)
2024-01-23,114.71,000300,钛矿综合指数 (Ti-Ore Composite)
2024-01-22,114.56,000300,钛矿综合指数 (Ti-Ore Composite)
2024-01-19,114.56,000300,钛矿综合指数 (Ti-Ore Composite)
2024-01-18,114.21,000300,钛矿综合指数 (Ti-Ore Composite)
2024-01-17,114.06,000300,钛矿综合指数 (Ti-Ore Composite)
2024-01-16,114.06,000300,钛矿综合指数 (Ti-Ore Composite)
2024-01-15,114.06,000300,钛矿综合指数 (Ti-Ore Composite)
2024-01-12,114.06,000300,钛矿综合指数 (Ti-Ore Composite)
2024-01-11,114.06,000300,钛矿综合指数 (Ti-Ore Composite)
2024-01-10,114.06,000300,钛矿综合指数 (Ti-Ore Composite)
2024-01-09,114.06,000300,钛矿综合指数 (Ti-Ore Composite)
2024-01-08,114.09,000300,钛矿综合指数 (Ti-Ore Composite)
2024-01-05,113.79,000300,钛矿综合指数 (Ti-Ore Composite)
2024-01-04,113.79,000300,钛矿综合指数 (Ti-Ore Composite)
2024-01-03,113.79,000300,钛矿综合指数 (Ti-Ore Composite)
2024-01-02,113.79,000300,钛矿综合指数 (Ti-Ore Composite)
2023-12-29,113.56,000300,钛矿综合指数 (Ti-Ore Composite)
2023-12-28,113.56,000300,钛矿综合指数 (Ti-Ore Composite)
2023-12-27,113.56,000300,钛矿综合指数 (Ti-Ore Composite)
2023-12-26,113.56,000300,钛矿综合指数 (Ti-Ore Composite)
2023-12-25,113.45,000300,钛矿综合指数 (Ti-Ore Composite)
2023-12-22,113.5,000300,钛矿综合指数 (Ti-Ore Composite)
2023-12-21,113.5,000300,钛矿综合指数 (Ti-Ore Composite)
2023-12-20,113.63,000300,钛矿综合指数 (Ti-Ore Composite)
2023-12-19,113.67,000300,钛矿综合指数 (Ti-Ore Composite)
2023-12-18,113.72,000300,钛矿综合指数 (Ti-Ore Composite)
2023-12-15,113.72,000300,钛矿综合指数 (Ti-Ore Composite)
2023-12-14,113.72,000300,钛矿综合指数 (Ti-Ore Composite)
2023-12-13,113.72,000300,钛矿综合指数 (Ti-Ore Composite)
2023-12-12,113.72,000300,钛矿综合指数 (Ti-Ore Composite)
2023-12-11,113.72,000300,钛矿综合指数 (Ti-Ore Composite)
2023-12-08,113.72,000300,钛矿综合指数 (Ti-Ore Composite)
2023-12-07,113.73,000300,钛矿综合指数 (Ti-Ore Composite)
2023-12-06,113.73,000300,钛矿综合指数 (Ti-Ore Composite)
2023-12-05,113.73,000300,钛矿综合指数 (Ti-Ore Composite)
2023-12-04,113.73,000300,钛矿综合指数 (Ti-Ore Composite)
2023-12-01,113.05,000300,钛矿综合指数 (Ti-Ore Composite)
2023-11-30,113.05,000300,钛矿综合指数 (Ti-Ore Composite)
2023-11-29,113.05,000300,钛矿综合指数 (Ti-Ore Composite)
2023-11-28,113.05,000300,钛矿综合指数 (Ti-Ore Composite)
2023-11-27,113.05,000300,钛矿综合指数 (Ti-Ore Composite)
2023-11-24,113.17,000300,钛矿综合指数 (Ti-Ore Composite)
2023-11-23,113.17,000300,钛矿综合指数 (Ti-Ore Composite)
2023-11-22,113.3,000300,钛矿综合指数 (Ti-Ore Composite)
2023-11-21,113.3,000300,钛矿综合指数 (Ti-Ore Composite)
2023-11-20,113.51,000300,钛矿综合指数 (Ti-Ore Composite)
2023-11-17,113.51,000300,钛矿综合指数 (Ti-Ore Composite)
2023-11-16,113.51,000300,钛矿综合指数 (Ti-Ore Composite)
2023-11-15,113.51,000300,钛矿综合指数 (Ti-Ore Composite)
2023-11-14,113.56,000300,钛矿综合指数 (Ti-Ore Composite)
2023-11-13,113.56,000300,钛矿综合指数 (Ti-Ore Composite)
2023-11-10,113.68,000300,钛矿综合指数 (Ti-Ore Composite)
2023-11-09,113.87,000300,钛矿综合指数 (Ti-Ore Composite)
2023-11-08,113.99,000300,钛矿综合指数 (Ti-Ore Composite)
2023-11-07,113.99,000300,钛矿综合指数 (Ti-Ore Composite)
2023-11-06,113.99,000300,钛矿综合指数 (Ti-Ore Composite)
2023-11-03,114.3,000300,钛矿综合指数 (Ti-Ore Composite)
2023-11-02,114.3,000300,钛矿综合指数 (Ti-Ore Composite)
2023-11-01,114.3,000300,钛矿综合指数 (Ti-Ore Composite)
2023-10-31,114.41,000300,钛矿综合指数 (Ti-Ore Composite)
2023-10-30,114.45,000300,钛矿综合指数 (Ti-Ore Composite)
2023-10-27,114.83,000300,钛矿综合指数 (Ti-Ore Composite)
2023-10-26,115.02,000300,钛矿综合指数 (Ti-Ore Composite)
2023-10-25,115.02,000300,钛矿综合指数 (Ti-Ore Composite)
2023-10-24,115.02,000300,钛矿综合指数 (Ti-Ore Composite)
2023-10-23,115.02,000300,钛矿综合指数 (Ti-Ore Composite)
2023-10-20,115.21,000300,钛矿综合指数 (Ti-Ore Composite)
2023-10-19,115.33,000300,钛矿综合指数 (Ti-Ore Composite)
2023-10-18,115.33,000300,钛矿综合指数 (Ti-Ore Composite)
2023-10-17,115.36,000300,钛矿综合指数 (Ti-Ore Composite)
2023-10-16,115.36,000300,钛矿综合指数 (Ti-Ore Composite)
2023-10-13,115.54,000300,钛矿综合指数 (Ti-Ore Composite)
2023-10-12,115.82,000300,钛矿综合指数 (Ti-Ore Composite)
2023-10-11,115.82,000300,钛矿综合指数 (Ti-Ore Composite)
2023-10-10,115.82,000300,钛矿综合指数 (Ti-Ore Composite)
2023-10-09,115.82,000300,钛矿综合指数 (Ti-Ore Composite)
2023-10-08,116.0,000300,钛矿综合指数 (Ti-Ore Composite)
2023-10-07,116.0,000300,钛矿综合指数 (Ti-Ore Composite)
2023-09-28,116.0,000300,钛矿综合指数 (Ti-Ore Composite)
2023-09-27,115.87,000300,钛矿综合指数 (Ti-Ore Composite)
2023-09-26,116.12,000300,钛矿综合指数 (Ti-Ore Composite)
2023-09-25,116.12,000300,钛矿综合指数 (Ti-Ore Composite)
2023-09-22,116.12,000300,钛矿综合指数 (Ti-Ore Composite)
2023-09-21,116.12,000300,钛矿综合指数 (Ti-Ore Composite)
2023-09-20,116.12,000300,钛矿综合指数 (Ti-Ore Composite)
2023-09-19,116.12,000300,钛矿综合指数 (Ti-Ore Composite)
2023-09-18,116.08,000300,钛矿综合指数 (Ti-Ore Composite)
2023-09-15,116.32,000300,钛矿综合指数 (Ti-Ore Composite)
2023-09-14,116.32,000300,钛矿综合指数 (Ti-Ore Composite)
2023-09-13,116.32,000300,钛矿综合指数 (Ti-Ore Composite)
2023-09-12,116.32,000300,钛矿综合指数 (Ti-Ore Composite)
2023-09-11,116.32,000300,钛矿综合指数 (Ti-Ore Composite)
2023-09-08,116.32,000300,钛矿综合指数 (Ti-Ore Composite)
2023-09-07,116.32,000300,钛矿综合指数 (Ti-Ore Composite)
2023-09-06,116.32,000300,钛矿综合指数 (Ti-Ore Composite)
2023-09-05,115.04,000300,钛矿综合指数 (Ti-Ore Composite)
2023-09-04,115.09,000300,钛矿综合指数 (Ti-Ore Composite)
2023-09-01,115.09,000300,钛矿综合指数 (Ti-Ore Composite)
2023-08-31,115.09,000300,钛矿综合指数 (Ti-Ore Composite)
2023-08-30,115.09,000300,钛矿综合指数 (Ti-Ore Composite)
2023-08-29,115.09,000300,钛矿综合指数 (Ti-Ore Composite)
2023-08-28,115.06,000300,钛矿综合指数 (Ti-Ore Composite)
2023-08-25,115.06,000300,钛矿综合指数 (Ti-Ore Composite)
2023-08-24,115.06,000300,钛矿综合指数 (Ti-Ore Composite)
2023-08-23,115.06,000300,钛矿综合指数 (Ti-Ore Composite)
2023-08-22,114.65,000300,钛矿综合指数 (Ti-Ore Composite)
2023-08-21,114.27,000300,钛矿综合指数 (Ti-Ore Composite)
2023-08-18,114.27,000300,钛矿综合指数 (Ti-Ore Composite)
2023-08-17,114.27,000300,钛矿综合指数 (Ti-Ore Composite)
2023-08-16,114.27,000300,钛矿综合指数 (Ti-Ore Composite)
2023-08-15,114.15,000300,钛矿综合指数 (Ti-Ore Composite)
2023-08-14,114.15,000300,钛矿综合指数 (Ti-Ore Composite)
2023-08-11,113.96,000300,钛矿综合指数 (Ti-Ore Composite)
2023-08-10,113.96,000300,钛矿综合指数 (Ti-Ore Composite)
2023-08-09,113.96,000300,钛矿综合指数 (Ti-Ore Composite)
2023-08-08,113.96,000300,钛矿综合指数 (Ti-Ore Composite)
2023-08-07,113.89,000300,钛矿综合指数 (Ti-Ore Composite)
2023-08-04,113.63,000300,钛矿综合指数 (Ti-Ore Composite)
2023-08-03,113.63,000300,钛矿综合指数 (Ti-Ore Composite)
2023-08-02,113.63,000300,钛矿综合指数 (Ti-Ore Composite)
2023-08-01,112.77,000300,钛矿综合指数 (Ti-Ore Composite)
2023-07-31,112.64,000300,钛矿综合指数 (Ti-Ore Composite)
2023-07-28,112.33,000300,钛矿综合指数 (Ti-Ore Composite)
2023-07-27,112.33,000300,钛矿综合指数 (Ti-Ore Composite)
2023-07-26,112.33,000300,钛矿综合指数 (Ti-Ore Composite)
2023-07-25,112.33,000300,钛矿综合指数 (Ti-Ore Composite)
2023-07-24,112.49,000300,钛矿综合指数 (Ti-Ore Composite)
2023-07-21,112.18,000300,钛矿综合指数 (Ti-Ore Composite)
2023-07-20,112.11,000300,钛矿综合指数 (Ti-Ore Composite)
2023-07-19,112.11,000300,钛矿综合指数 (Ti-Ore Composite)
2023-07-18,112.11,000300,钛矿综合指数 (Ti-Ore Composite)
2023-07-17,112.11,000300,钛矿综合指数 (Ti-Ore Composite)
2023-07-14,111.31,000300,钛矿综合指数 (Ti-Ore Composite)
2023-07-13,111.31,000300,钛矿综合指数 (Ti-Ore Composite)
2023-07-12,111.31,000300,钛矿综合指数 (Ti-Ore Composite)
2023-07-11,111.31,000300,钛矿综合指数 (Ti-Ore Composite)
2023-07-10,111.31,000300,钛矿综合指数 (Ti-Ore Composite)
2023-07-07,111.31,000300,钛矿综合指数 (Ti-Ore Composite)
2023-07-06,111.68,000300,钛矿综合指数 (Ti-Ore Composite)
2023-07-05,111.68,000300,钛矿综合指数 (Ti-Ore Composite)
2023-07-04,111.68,000300,钛矿综合指数 (Ti-Ore Composite)
2023-07-03,111.68,000300,钛矿综合指数 (Ti-Ore Composite)
2023-06-30,111.19,000300,钛矿综合指数 (Ti-Ore Composite)
2023-06-29,111.19,000300,钛矿综合指数 (Ti-Ore Composite)
2023-06-28,111.19,000300,钛矿综合指数 (Ti-Ore Composite)
2023-06-27,111.19,000300,钛矿综合指数 (Ti-Ore Composite)
2023-06-26,111.19,000300,钛矿综合指数 (Ti-Ore Composite)
2023-06-25,110.95,000300,钛矿综合指数 (Ti-Ore Composite)
2023-06-21,110.95,000300,钛矿综合指数 (Ti-Ore Composite)
2023-06-20,110.96,000300,钛矿综合指数 (Ti-Ore Composite)
2023-06-19,111.21,000300,钛矿综合指数 (Ti-Ore Composite)
2023-06-16,110.72,000300,钛矿综合指数 (Ti-Ore Composite)
2023-06-15,110.82,000300,钛矿综合指数 (Ti-Ore Composite)
2023-06-14,110.82,000300,钛矿综合指数 (Ti-Ore Composite)
2023-06-13,111.11,000300,钛矿综合指数 (Ti-Ore Composite)
2023-06-12,111.5,000300,钛矿综合指数 (Ti-Ore Composite)
2023-06-09,111.87,000300,钛矿综合指数 (Ti-Ore Composite)
2023-06-08,112.43,000300,钛矿综合指数 (Ti-Ore Composite)
2023-06-07,112.43,000300,钛矿综合指数 (Ti-Ore Composite)
2023-06-06,112.43,000300,钛矿综合指数 (Ti-Ore Composite)
2023-06-05,112.55,000300,钛矿综合指数 (Ti-Ore Composite)
2023-06-02,112.86,000300,钛矿综合指数 (Ti-Ore Composite)
2023-06-01,113.04,000300,钛矿综合指数 (Ti-Ore Composite)
2023-05-31,113.23,000300,钛矿综合指数 (Ti-Ore Composite)
2023-05-30,113.23,000300,钛矿综合指数 (Ti-Ore Composite)
2023-05-29,113.23,000300,钛矿综合指数 (Ti-Ore Composite)
2023-05-26,113.54,000300,钛矿综合指数 (Ti-Ore Composite)
2023-05-25,113.54,000300,钛矿综合指数 (Ti-Ore Composite)
2023-05-24,113.54,000300,钛矿综合指数 (Ti-Ore Composite)
2023-05-23,113.54,000300,钛矿综合指数 (Ti-Ore Composite)
2023-05-22,113.54,000300,钛矿综合指数 (Ti-Ore Composite)
2023-05-19,113.9,000300,钛矿综合指数 (Ti-Ore Composite)
2023-05-18,114.4,000300,钛矿综合指数 (Ti-Ore Composite)
2023-05-17,114.4,000300,钛矿综合指数 (Ti-Ore Composite)
2023-05-16,114.4,000300,钛矿综合指数 (Ti-Ore Composite)
2023-05-15,114.62,000300,钛矿综合指数 (Ti-Ore Composite)
2023-05-12,115.33,000300,钛矿综合指数 (Ti-Ore Composite)
2023-05-11,115.76,000300,钛矿综合指数 (Ti-Ore Composite)
2023-05-10,115.76,000300,钛矿综合指数 (Ti-Ore Composite)
2023-05-09,115.76,000300,钛矿综合指数 (Ti-Ore Composite)
2023-05-08,115.76,000300,钛矿综合指数 (Ti-Ore Composite)
2023-05-06,116.13,000300,钛矿综合指数 (Ti-Ore Composite)
2023-05-05,116.13,000300,钛矿综合指数 (Ti-Ore Composite)
2023-05-04,116.39,000300,钛矿综合指数 (Ti-Ore Composite)
2023-04-28,116.59,000300,钛矿综合指数 (Ti-Ore Composite)
2023-04-27,116.71,000300,钛矿综合指数 (Ti-Ore Composite)
2023-04-26,116.71,000300,钛矿综合指数 (Ti-Ore Composite)
2023-04-25,116.71,000300,钛矿综合指数 (Ti-Ore Composite)
2023-04-24,116.71,000300,钛矿综合指数 (Ti-Ore Composite)
2023-04-23,116.71,000300,钛矿综合指数 (Ti-Ore Composite)
2023-04-21,116.96,000300,钛矿综合指数 (Ti-Ore Composite)
2023-04-20,116.96,000300,钛矿综合指数 (Ti-Ore Composite)
2023-04-19,116.94,000300,钛矿综合指数 (Ti-Ore Composite)
2023-04-18,116.94,000300,钛矿综合指数 (Ti-Ore Composite)
2023-04-17,116.94,000300,钛矿综合指数 (Ti-Ore Composite)
2023-04-14,117.12,000300,钛矿综合指数 (Ti-Ore Composite)
2023-04-13,117.12,000300,钛矿综合指数 (Ti-Ore Composite)
2023-04-12,117.12,000300,钛矿综合指数 (Ti-Ore Composite)
2023-04-11,117.12,000300,钛矿综合指数 (Ti-Ore Composite)
2023-04-10,117.12,000300,钛矿综合指数 (Ti-Ore Composite)
2023-04-07,117.18,000300,钛矿综合指数 (Ti-Ore Composite)
2023-04-06,117.11,000300,钛矿综合指数 (Ti-Ore Composite)
2026-04-03,150.18,000360,锆产业指数 (Zircon Industry)
2026-04-02,149.17,000360,锆产业指数 (Zircon Industry)
2026-04-01,149.17,000360,锆产业指数 (Zircon Industry)
2026-03-31,147.08,000360,锆产业指数 (Zircon Industry)
2026-03-30,147.08,000360,锆产业指数 (Zircon Industry)
2026-03-27,147.08,000360,锆产业指数 (Zircon Industry)
2026-03-26,147.08,000360,锆产业指数 (Zircon Industry)
2026-03-25,147.08,000360,锆产业指数 (Zircon Industry)
2026-03-24,146.24,000360,锆产业指数 (Zircon Industry)
2026-03-23,146.24,000360,锆产业指数 (Zircon Industry)
2026-03-20,146.24,000360,锆产业指数 (Zircon Industry)
2026-03-19,146.24,000360,锆产业指数 (Zircon Industry)
2026-03-18,146.24,000360,锆产业指数 (Zircon Industry)
2026-03-17,146.24,000360,锆产业指数 (Zircon Industry)
2026-03-16,143.92,000360,锆产业指数 (Zircon Industry)
2026-03-13,143.92,000360,锆产业指数 (Zircon Industry)
2026-03-12,143.92,000360,锆产业指数 (Zircon Industry)
2026-03-11,143.92,000360,锆产业指数 (Zircon Industry)
2026-03-10,143.52,000360,锆产业指数 (Zircon Industry)
2026-03-09,143.52,000360,锆产业指数 (Zircon Industry)
2026-03-06,143.52,000360,锆产业指数 (Zircon Industry)
2026-03-05,143.52,000360,锆产业指数 (Zircon Industry)
2026-03-04,143.52,000360,锆产业指数 (Zircon Industry)
2026-03-03,142.97,000360,锆产业指数 (Zircon Industry)
2026-03-02,142.97,000360,锆产业指数 (Zircon Industry)
2026-02-28,142.97,000360,锆产业指数 (Zircon Industry)
2026-02-27,142.97,000360,锆产业指数 (Zircon Industry)
2026-02-26,142.97,000360,锆产业指数 (Zircon Industry)
2026-02-25,142.97,000360,锆产业指数 (Zircon Industry)
2026-02-24,142.97,000360,锆产业指数 (Zircon Industry)
2026-02-12,142.97,000360,锆产业指数 (Zircon Industry)
2026-02-11,142.97,000360,锆产业指数 (Zircon Industry)
2026-02-10,142.97,000360,锆产业指数 (Zircon Industry)
2026-02-09,142.97,000360,锆产业指数 (Zircon Industry)
2026-02-06,142.97,000360,锆产业指数 (Zircon Industry)
2026-02-05,142.97,000360,锆产业指数 (Zircon Industry)
2026-02-04,142.97,000360,锆产业指数 (Zircon Industry)
2026-02-03,142.97,000360,锆产业指数 (Zircon Industry)
2026-02-02,142.97,000360,锆产业指数 (Zircon Industry)
2026-01-30,142.97,000360,锆产业指数 (Zircon Industry)
2026-01-29,142.97,000360,锆产业指数 (Zircon Industry)
2026-01-28,144.07,000360,锆产业指数 (Zircon Industry)
2026-01-27,144.07,000360,锆产业指数 (Zircon Industry)
2026-01-26,144.07,000360,锆产业指数 (Zircon Industry)
2026-01-23,144.07,000360,锆产业指数 (Zircon Industry)
2026-01-22,144.07,000360,锆产业指数 (Zircon Industry)
2026-01-21,144.07,000360,锆产业指数 (Zircon Industry)
2026-01-20,144.47,000360,锆产业指数 (Zircon Industry)
2026-01-19,144.47,000360,锆产业指数 (Zircon Industry)
2026-01-16,144.47,000360,锆产业指数 (Zircon Industry)
2026-01-15,144.47,000360,锆产业指数 (Zircon Industry)
2026-01-14,144.47,000360,锆产业指数 (Zircon Industry)
2026-01-13,144.47,000360,锆产业指数 (Zircon Industry)
2026-01-12,144.47,000360,锆产业指数 (Zircon Industry)
2026-01-09,144.47,000360,锆产业指数 (Zircon Industry)
2026-01-08,144.47,000360,锆产业指数 (Zircon Industry)
2026-01-07,144.47,000360,锆产业指数 (Zircon Industry)
2026-01-06,145.25,000360,锆产业指数 (Zircon Industry)
2026-01-05,145.25,000360,锆产业指数 (Zircon Industry)
2026-01-04,145.25,000360,锆产业指数 (Zircon Industry)
2025-12-31,145.25,000360,锆产业指数 (Zircon Industry)
2025-12-30,145.25,000360,锆产业指数 (Zircon Industry)
2025-12-29,145.25,000360,锆产业指数 (Zircon Industry)
2025-12-26,145.25,000360,锆产业指数 (Zircon Industry)
2025-12-25,145.25,000360,锆产业指数 (Zircon Industry)
2025-12-24,145.25,000360,锆产业指数 (Zircon Industry)
2025-12-23,145.25,000360,锆产业指数 (Zircon Industry)
2025-12-22,145.25,000360,锆产业指数 (Zircon Industry)
2025-12-19,145.25,000360,锆产业指数 (Zircon Industry)
2025-12-18,145.62,000360,锆产业指数 (Zircon Industry)
2025-12-17,146.02,000360,锆产业指数 (Zircon Industry)
2025-12-16,146.02,000360,锆产业指数 (Zircon Industry)
2025-12-15,146.82,000360,锆产业指数 (Zircon Industry)
2025-12-12,146.82,000360,锆产业指数 (Zircon Industry)
2025-12-11,146.82,000360,锆产业指数 (Zircon Industry)
2025-12-10,146.82,000360,锆产业指数 (Zircon Industry)
2025-12-09,146.82,000360,锆产业指数 (Zircon Industry)
2025-12-08,146.82,000360,锆产业指数 (Zircon Industry)
2025-12-05,146.82,000360,锆产业指数 (Zircon Industry)
2025-12-04,146.82,000360,锆产业指数 (Zircon Industry)
2025-12-03,146.82,000360,锆产业指数 (Zircon Industry)
2025-12-02,146.82,000360,锆产业指数 (Zircon Industry)
2025-12-01,146.82,000360,锆产业指数 (Zircon Industry)
2025-11-28,146.82,000360,锆产业指数 (Zircon Industry)
2025-11-27,146.82,000360,锆产业指数 (Zircon Industry)
2025-11-26,146.82,000360,锆产业指数 (Zircon Industry)
2025-11-25,146.82,000360,锆产业指数 (Zircon Industry)
2025-11-24,146.82,000360,锆产业指数 (Zircon Industry)
2025-11-21,146.82,000360,锆产业指数 (Zircon Industry)
2025-11-20,146.82,000360,锆产业指数 (Zircon Industry)
2025-11-19,146.82,000360,锆产业指数 (Zircon Industry)
2025-11-18,146.82,000360,锆产业指数 (Zircon Industry)
2025-11-17,147.02,000360,锆产业指数 (Zircon Industry)
2025-11-14,147.02,000360,锆产业指数 (Zircon Industry)
2025-11-13,147.02,000360,锆产业指数 (Zircon Industry)
2025-11-12,147.02,000360,锆产业指数 (Zircon Industry)
2025-11-11,147.02,000360,锆产业指数 (Zircon Industry)
2025-11-10,147.02,000360,锆产业指数 (Zircon Industry)
2025-11-07,147.02,000360,锆产业指数 (Zircon Industry)
2025-11-06,147.02,000360,锆产业指数 (Zircon Industry)
2025-11-05,147.76,000360,锆产业指数 (Zircon Industry)
2025-11-04,147.76,000360,锆产业指数 (Zircon Industry)
2025-11-03,147.76,000360,锆产业指数 (Zircon Industry)
2025-10-31,147.76,000360,锆产业指数 (Zircon Industry)
2025-10-30,147.76,000360,锆产业指数 (Zircon Industry)
2025-10-29,147.76,000360,锆产业指数 (Zircon Industry)
2025-10-28,148.21,000360,锆产业指数 (Zircon Industry)
2025-10-27,149.01,000360,锆产业指数 (Zircon Industry)
2025-10-24,149.01,000360,锆产业指数 (Zircon Industry)
2025-10-23,149.01,000360,锆产业指数 (Zircon Industry)
2025-10-22,149.01,000360,锆产业指数 (Zircon Industry)
2025-10-21,149.19,000360,锆产业指数 (Zircon Industry)
2025-10-20,149.19,000360,锆产业指数 (Zircon Industry)
2025-10-17,149.19,000360,锆产业指数 (Zircon Industry)
2025-10-16,149.19,000360,锆产业指数 (Zircon Industry)
2025-10-15,149.56,000360,锆产业指数 (Zircon Industry)
2025-10-14,150.76,000360,锆产业指数 (Zircon Industry)
2025-10-13,150.76,000360,锆产业指数 (Zircon Industry)
2025-10-11,150.76,000360,锆产业指数 (Zircon Industry)
2025-10-10,150.76,000360,锆产业指数 (Zircon Industry)
2025-10-09,150.76,000360,锆产业指数 (Zircon Industry)
2025-09-30,150.76,000360,锆产业指数 (Zircon Industry)
2025-09-29,150.76,000360,锆产业指数 (Zircon Industry)
2025-09-28,150.76,000360,锆产业指数 (Zircon Industry)
2025-09-26,150.76,000360,锆产业指数 (Zircon Industry)
2025-09-25,152.04,000360,锆产业指数 (Zircon Industry)
2025-09-24,152.04,000360,锆产业指数 (Zircon Industry)
2025-09-23,152.04,000360,锆产业指数 (Zircon Industry)
2025-09-22,153.43,000360,锆产业指数 (Zircon Industry)
2025-09-19,153.43,000360,锆产业指数 (Zircon Industry)
2025-09-18,153.43,000360,锆产业指数 (Zircon Industry)
2025-09-17,153.43,000360,锆产业指数 (Zircon Industry)
2025-09-16,153.43,000360,锆产业指数 (Zircon Industry)
2025-09-15,153.43,000360,锆产业指数 (Zircon Industry)
2025-09-12,153.43,000360,锆产业指数 (Zircon Industry)
2025-09-11,153.83,000360,锆产业指数 (Zircon Industry)
2025-09-10,153.83,000360,锆产业指数 (Zircon Industry)
2025-09-09,154.48,000360,锆产业指数 (Zircon Industry)
2025-09-08,154.48,000360,锆产业指数 (Zircon Industry)
2025-09-05,154.48,000360,锆产业指数 (Zircon Industry)
2025-09-04,154.48,000360,锆产业指数 (Zircon Industry)
2025-09-03,154.48,000360,锆产业指数 (Zircon Industry)
2025-09-02,154.48,000360,锆产业指数 (Zircon Industry)
2025-09-01,154.48,000360,锆产业指数 (Zircon Industry)
2025-08-29,154.48,000360,锆产业指数 (Zircon Industry)
2025-08-28,154.48,000360,锆产业指数 (Zircon Industry)
2025-08-27,154.75,000360,锆产业指数 (Zircon Industry)
2025-08-26,154.75,000360,锆产业指数 (Zircon Industry)
2025-08-25,154.75,000360,锆产业指数 (Zircon Industry)
2025-08-22,154.75,000360,锆产业指数 (Zircon Industry)
2025-08-21,154.75,000360,锆产业指数 (Zircon Industry)
2025-08-20,155.03,000360,锆产业指数 (Zircon Industry)
2025-08-19,155.58,000360,锆产业指数 (Zircon Industry)
2025-08-18,155.58,000360,锆产业指数 (Zircon Industry)
2025-08-15,155.58,000360,锆产业指数 (Zircon Industry)
2025-08-14,155.58,000360,锆产业指数 (Zircon Industry)
2025-08-13,155.58,000360,锆产业指数 (Zircon Industry)
2025-08-12,155.58,000360,锆产业指数 (Zircon Industry)
2025-08-11,155.58,000360,锆产业指数 (Zircon Industry)
2025-08-08,155.58,000360,锆产业指数 (Zircon Industry)
2025-08-07,155.58,000360,锆产业指数 (Zircon Industry)
2025-08-06,155.58,000360,锆产业指数 (Zircon Industry)
2025-08-05,155.58,000360,锆产业指数 (Zircon Industry)
2025-08-04,155.58,000360,锆产业指数 (Zircon Industry)
2025-08-01,155.58,000360,锆产业指数 (Zircon Industry)
2025-07-31,155.58,000360,锆产业指数 (Zircon Industry)
2025-07-30,155.95,000360,锆产业指数 (Zircon Industry)
2025-07-29,155.95,000360,锆产业指数 (Zircon Industry)
2025-07-28,156.35,000360,锆产业指数 (Zircon Industry)
2025-07-25,156.35,000360,锆产业指数 (Zircon Industry)
2025-07-24,156.35,000360,锆产业指数 (Zircon Industry)
2025-07-23,157.28,000360,锆产业指数 (Zircon Industry)
2025-07-22,157.28,000360,锆产业指数 (Zircon Industry)
2025-07-21,157.28,000360,锆产业指数 (Zircon Industry)
2025-07-18,157.28,000360,锆产业指数 (Zircon Industry)
2025-07-17,157.28,000360,锆产业指数 (Zircon Industry)
2025-07-16,157.28,000360,锆产业指数 (Zircon Industry)
2025-07-15,157.64,000360,锆产业指数 (Zircon Industry)
2025-07-14,158.46,000360,锆产业指数 (Zircon Industry)
2025-07-11,158.46,000360,锆产业指数 (Zircon Industry)
2025-07-10,158.46,000360,锆产业指数 (Zircon Industry)
2025-07-09,158.46,000360,锆产业指数 (Zircon Industry)
2025-07-08,158.46,000360,锆产业指数 (Zircon Industry)
2025-07-07,158.46,000360,锆产业指数 (Zircon Industry)
2025-07-04,158.46,000360,锆产业指数 (Zircon Industry)
2025-07-03,158.46,000360,锆产业指数 (Zircon Industry)
2025-07-02,158.83,000360,锆产业指数 (Zircon Industry)
2025-07-01,158.83,000360,锆产业指数 (Zircon Industry)
2025-06-30,158.83,000360,锆产业指数 (Zircon Industry)
2025-06-27,158.83,000360,锆产业指数 (Zircon Industry)
2025-06-26,158.83,000360,锆产业指数 (Zircon Industry)
2025-06-25,159.38,000360,锆产业指数 (Zircon Industry)
2025-06-24,159.38,000360,锆产业指数 (Zircon Industry)
2025-06-23,159.38,000360,锆产业指数 (Zircon Industry)
2025-06-20,159.38,000360,锆产业指数 (Zircon Industry)
2025-06-19,159.38,000360,锆产业指数 (Zircon Industry)
2025-06-18,159.38,000360,锆产业指数 (Zircon Industry)
2025-06-17,159.38,000360,锆产业指数 (Zircon Industry)
2025-06-16,159.38,000360,锆产业指数 (Zircon Industry)
2025-06-13,159.38,000360,锆产业指数 (Zircon Industry)
2025-06-12,159.38,000360,锆产业指数 (Zircon Industry)
2025-06-11,159.38,000360,锆产业指数 (Zircon Industry)
2025-06-10,159.38,000360,锆产业指数 (Zircon Industry)
2025-06-09,160.26,000360,锆产业指数 (Zircon Industry)
2025-06-06,160.26,000360,锆产业指数 (Zircon Industry)
2025-06-05,160.26,000360,锆产业指数 (Zircon Industry)
2025-06-04,160.26,000360,锆产业指数 (Zircon Industry)
2025-06-03,160.26,000360,锆产业指数 (Zircon Industry)
2025-05-30,160.26,000360,锆产业指数 (Zircon Industry)
2025-05-29,160.26,000360,锆产业指数 (Zircon Industry)
2025-05-28,160.26,000360,锆产业指数 (Zircon Industry)
2025-05-27,160.26,000360,锆产业指数 (Zircon Industry)
2025-05-26,160.26,000360,锆产业指数 (Zircon Industry)
2025-05-23,160.26,000360,锆产业指数 (Zircon Industry)
2025-05-22,160.26,000360,锆产业指数 (Zircon Industry)
2025-05-21,160.26,000360,锆产业指数 (Zircon Industry)
2025-05-20,160.26,000360,锆产业指数 (Zircon Industry)
2025-05-19,160.81,000360,锆产业指数 (Zircon Industry)
2025-05-16,160.81,000360,锆产业指数 (Zircon Industry)
2025-05-15,160.81,000360,锆产业指数 (Zircon Industry)
2025-05-14,160.81,000360,锆产业指数 (Zircon Industry)
2025-05-13,160.81,000360,锆产业指数 (Zircon Industry)
2025-05-12,161.55,000360,锆产业指数 (Zircon Industry)
2025-05-09,161.55,000360,锆产业指数 (Zircon Industry)
2025-05-08,161.55,000360,锆产业指数 (Zircon Industry)
2025-05-07,162.69,000360,锆产业指数 (Zircon Industry)
2025-05-06,162.69,000360,锆产业指数 (Zircon Industry)
2025-04-30,162.69,000360,锆产业指数 (Zircon Industry)
2025-04-29,162.69,000360,锆产业指数 (Zircon Industry)
2025-04-28,162.69,000360,锆产业指数 (Zircon Industry)
2025-04-27,162.69,000360,锆产业指数 (Zircon Industry)
2025-04-25,162.69,000360,锆产业指数 (Zircon Industry)
2025-04-24,162.69,000360,锆产业指数 (Zircon Industry)
2025-04-23,163.06,000360,锆产业指数 (Zircon Industry)
2025-04-22,163.06,000360,锆产业指数 (Zircon Industry)
2025-04-21,163.06,000360,锆产业指数 (Zircon Industry)
2025-04-18,163.06,000360,锆产业指数 (Zircon Industry)
2025-04-17,163.06,000360,锆产业指数 (Zircon Industry)
2025-04-16,163.06,000360,锆产业指数 (Zircon Industry)
2025-04-15,163.06,000360,锆产业指数 (Zircon Industry)
2025-04-14,163.06,000360,锆产业指数 (Zircon Industry)
2025-04-11,163.06,000360,锆产业指数 (Zircon Industry)
2025-04-10,163.86,000360,锆产业指数 (Zircon Industry)
2025-04-09,163.86,000360,锆产业指数 (Zircon Industry)
2025-04-08,163.86,000360,锆产业指数 (Zircon Industry)
2025-04-07,163.86,000360,锆产业指数 (Zircon Industry)
2025-04-03,163.86,000360,锆产业指数 (Zircon Industry)
2025-04-02,163.86,000360,锆产业指数 (Zircon Industry)
2025-04-01,164.23,000360,锆产业指数 (Zircon Industry)
2025-03-31,164.23,000360,锆产业指数 (Zircon Industry)
2025-03-28,164.23,000360,锆产业指数 (Zircon Industry)
2025-03-27,164.23,000360,锆产业指数 (Zircon Industry)
2025-03-26,164.23,000360,锆产业指数 (Zircon Industry)
2025-03-25,164.78,000360,锆产业指数 (Zircon Industry)
2025-03-24,164.78,000360,锆产业指数 (Zircon Industry)
2025-03-21,164.78,000360,锆产业指数 (Zircon Industry)
2025-03-20,164.78,000360,锆产业指数 (Zircon Industry)
2025-03-19,164.78,000360,锆产业指数 (Zircon Industry)
2025-03-18,164.78,000360,锆产业指数 (Zircon Industry)
2025-03-17,164.78,000360,锆产业指数 (Zircon Industry)
2025-03-14,165.05,000360,锆产业指数 (Zircon Industry)
2025-03-13,165.05,000360,锆产业指数 (Zircon Industry)
2025-03-12,165.05,000360,锆产业指数 (Zircon Industry)
2025-03-11,165.05,000360,锆产业指数 (Zircon Industry)
2025-03-10,165.05,000360,锆产业指数 (Zircon Industry)
2025-03-07,165.05,000360,锆产业指数 (Zircon Industry)
2025-03-06,165.05,000360,锆产业指数 (Zircon Industry)
2025-03-05,165.05,000360,锆产业指数 (Zircon Industry)
2025-03-04,165.05,000360,锆产业指数 (Zircon Industry)
2025-03-03,165.05,000360,锆产业指数 (Zircon Industry)
2025-02-28,165.05,000360,锆产业指数 (Zircon Industry)
2025-02-27,165.05,000360,锆产业指数 (Zircon Industry)
2025-02-26,165.05,000360,锆产业指数 (Zircon Industry)
2025-02-25,165.05,000360,锆产业指数 (Zircon Industry)
2025-02-24,165.05,000360,锆产业指数 (Zircon Industry)
2025-02-21,165.05,000360,锆产业指数 (Zircon Industry)
2025-02-20,165.05,000360,锆产业指数 (Zircon Industry)
2025-02-19,165.05,000360,锆产业指数 (Zircon Industry)
2025-02-18,165.05,000360,锆产业指数 (Zircon Industry)
2025-02-17,165.05,000360,锆产业指数 (Zircon Industry)
2025-02-14,165.05,000360,锆产业指数 (Zircon Industry)
2025-02-13,165.05,000360,锆产业指数 (Zircon Industry)
2025-02-12,165.05,000360,锆产业指数 (Zircon Industry)
2025-02-11,165.05,000360,锆产业指数 (Zircon Industry)
2025-02-10,165.05,000360,锆产业指数 (Zircon Industry)
2025-02-08,165.05,000360,锆产业指数 (Zircon Industry)
2025-02-07,165.05,000360,锆产业指数 (Zircon Industry)
2025-02-06,165.05,000360,锆产业指数 (Zircon Industry)
2025-02-05,165.05,000360,锆产业指数 (Zircon Industry)
2025-01-24,165.05,000360,锆产业指数 (Zircon Industry)
2025-01-23,165.05,000360,锆产业指数 (Zircon Industry)
2025-01-22,165.05,000360,锆产业指数 (Zircon Industry)
2025-01-21,165.05,000360,锆产业指数 (Zircon Industry)
2025-01-20,165.05,000360,锆产业指数 (Zircon Industry)
2025-01-17,165.05,000360,锆产业指数 (Zircon Industry)
2025-01-16,165.05,000360,锆产业指数 (Zircon Industry)
2025-01-15,165.05,000360,锆产业指数 (Zircon Industry)
2025-01-14,165.05,000360,锆产业指数 (Zircon Industry)
2025-01-13,165.05,000360,锆产业指数 (Zircon Industry)
2025-01-10,165.25,000360,锆产业指数 (Zircon Industry)
2025-01-09,165.25,000360,锆产业指数 (Zircon Industry)
2025-01-08,165.25,000360,锆产业指数 (Zircon Industry)
2025-01-07,165.25,000360,锆产业指数 (Zircon Industry)
2025-01-06,165.25,000360,锆产业指数 (Zircon Industry)
2025-01-03,165.25,000360,锆产业指数 (Zircon Industry)
2025-01-02,165.25,000360,锆产业指数 (Zircon Industry)
2024-12-31,165.25,000360,锆产业指数 (Zircon Industry)
2024-12-30,165.25,000360,锆产业指数 (Zircon Industry)
2024-12-27,165.25,000360,锆产业指数 (Zircon Industry)
2024-12-26,165.25,000360,锆产业指数 (Zircon Industry)
2024-12-25,165.25,000360,锆产业指数 (Zircon Industry)
2024-12-24,165.25,000360,锆产业指数 (Zircon Industry)
2024-12-23,165.25,000360,锆产业指数 (Zircon Industry)
2024-12-20,165.25,000360,锆产业指数 (Zircon Industry)
2024-12-19,165.25,000360,锆产业指数 (Zircon Industry)
2024-12-18,165.25,000360,锆产业指数 (Zircon Industry)
2024-12-17,165.25,000360,锆产业指数 (Zircon Industry)
2024-12-16,165.25,000360,锆产业指数 (Zircon Industry)
2024-12-13,165.25,000360,锆产业指数 (Zircon Industry)
2024-12-12,165.25,000360,锆产业指数 (Zircon Industry)
2024-12-11,165.82,000360,锆产业指数 (Zircon Industry)
2024-12-10,165.82,000360,锆产业指数 (Zircon Industry)
2024-12-09,165.82,000360,锆产业指数 (Zircon Industry)
2024-12-06,165.82,000360,锆产业指数 (Zircon Industry)
2024-12-05,165.82,000360,锆产业指数 (Zircon Industry)
2024-12-04,165.82,000360,锆产业指数 (Zircon Industry)
2024-12-03,166.02,000360,锆产业指数 (Zircon Industry)
2024-12-02,166.02,000360,锆产业指数 (Zircon Industry)
2024-11-29,166.02,000360,锆产业指数 (Zircon Industry)
2024-11-28,166.02,000360,锆产业指数 (Zircon Industry)
2024-11-27,166.02,000360,锆产业指数 (Zircon Industry)
2024-11-26,167.12,000360,锆产业指数 (Zircon Industry)
2024-11-25,167.12,000360,锆产业指数 (Zircon Industry)
2024-11-22,167.12,000360,锆产业指数 (Zircon Industry)
2024-11-21,167.31,000360,锆产业指数 (Zircon Industry)
2024-11-20,167.31,000360,锆产业指数 (Zircon Industry)
2024-11-19,167.31,000360,锆产业指数 (Zircon Industry)
2024-11-18,167.31,000360,锆产业指数 (Zircon Industry)
2024-11-15,167.31,000360,锆产业指数 (Zircon Industry)
2024-11-14,167.68,000360,锆产业指数 (Zircon Industry)
2024-11-13,167.68,000360,锆产业指数 (Zircon Industry)
2024-11-12,167.88,000360,锆产业指数 (Zircon Industry)
2024-11-11,167.88,000360,锆产业指数 (Zircon Industry)
2024-11-08,167.88,000360,锆产业指数 (Zircon Industry)
2024-11-07,168.28,000360,锆产业指数 (Zircon Industry)
2024-11-06,168.28,000360,锆产业指数 (Zircon Industry)
2024-11-05,168.28,000360,锆产业指数 (Zircon Industry)
2024-11-04,169.38,000360,锆产业指数 (Zircon Industry)
2024-11-01,169.38,000360,锆产业指数 (Zircon Industry)
2024-10-31,169.38,000360,锆产业指数 (Zircon Industry)
2024-10-30,169.38,000360,锆产业指数 (Zircon Industry)
2024-10-29,167.62,000360,锆产业指数 (Zircon Industry)
2024-10-28,168.45,000360,锆产业指数 (Zircon Industry)
2024-10-25,168.45,000360,锆产业指数 (Zircon Industry)
2024-10-24,168.45,000360,锆产业指数 (Zircon Industry)
2024-10-23,168.45,000360,锆产业指数 (Zircon Industry)
2024-10-22,168.45,000360,锆产业指数 (Zircon Industry)
2024-10-21,169.0,000360,锆产业指数 (Zircon Industry)
2024-10-18,169.0,000360,锆产业指数 (Zircon Industry)
2024-10-17,169.0,000360,锆产业指数 (Zircon Industry)
2024-10-16,169.0,000360,锆产业指数 (Zircon Industry)
2024-10-15,169.0,000360,锆产业指数 (Zircon Industry)
2024-10-14,169.0,000360,锆产业指数 (Zircon Industry)
2024-10-12,169.0,000360,锆产业指数 (Zircon Industry)
2024-10-11,169.1,000360,锆产业指数 (Zircon Industry)
2024-10-10,169.1,000360,锆产业指数 (Zircon Industry)
2024-10-09,169.1,000360,锆产业指数 (Zircon Industry)
2024-10-08,169.1,000360,锆产业指数 (Zircon Industry)
2024-09-30,169.1,000360,锆产业指数 (Zircon Industry)
2024-09-29,169.1,000360,锆产业指数 (Zircon Industry)
2024-09-27,169.5,000360,锆产业指数 (Zircon Industry)
2024-09-26,169.5,000360,锆产业指数 (Zircon Industry)
2024-09-25,169.5,000360,锆产业指数 (Zircon Industry)
2024-09-24,169.5,000360,锆产业指数 (Zircon Industry)
2024-09-23,169.5,000360,锆产业指数 (Zircon Industry)
2024-09-20,169.5,000360,锆产业指数 (Zircon Industry)
2024-09-19,169.5,000360,锆产业指数 (Zircon Industry)
2024-09-18,169.5,000360,锆产业指数 (Zircon Industry)
2024-09-14,169.5,000360,锆产业指数 (Zircon Industry)
2024-09-13,169.5,000360,锆产业指数 (Zircon Industry)
2024-09-12,169.5,000360,锆产业指数 (Zircon Industry)
2024-09-11,169.5,000360,锆产业指数 (Zircon Industry)
2024-09-10,169.5,000360,锆产业指数 (Zircon Industry)
2024-09-09,169.5,000360,锆产业指数 (Zircon Industry)
2024-09-06,169.5,000360,锆产业指数 (Zircon Industry)
2024-09-05,169.5,000360,锆产业指数 (Zircon Industry)
2024-09-04,169.5,000360,锆产业指数 (Zircon Industry)
2024-09-03,169.5,000360,锆产业指数 (Zircon Industry)
2024-09-02,169.5,000360,锆产业指数 (Zircon Industry)
2024-08-30,169.5,000360,锆产业指数 (Zircon Industry)
2024-08-29,169.5,000360,锆产业指数 (Zircon Industry)
2024-08-28,169.5,000360,锆产业指数 (Zircon Industry)
2024-08-27,170.22,000360,锆产业指数 (Zircon Industry)
2024-08-26,170.22,000360,锆产业指数 (Zircon Industry)
2024-08-23,170.22,000360,锆产业指数 (Zircon Industry)
2024-08-22,170.22,000360,锆产业指数 (Zircon Industry)
2024-08-21,170.22,000360,锆产业指数 (Zircon Industry)
2024-08-20,170.6,000360,锆产业指数 (Zircon Industry)
2024-08-19,170.6,000360,锆产业指数 (Zircon Industry)
2024-08-16,170.6,000360,锆产业指数 (Zircon Industry)
2024-08-15,170.97,000360,锆产业指数 (Zircon Industry)
2024-08-14,170.97,000360,锆产业指数 (Zircon Industry)
2024-08-13,170.97,000360,锆产业指数 (Zircon Industry)
2024-08-12,171.52,000360,锆产业指数 (Zircon Industry)
2024-08-09,171.52,000360,锆产业指数 (Zircon Industry)
2024-08-08,171.52,000360,锆产业指数 (Zircon Industry)
2024-08-07,171.52,000360,锆产业指数 (Zircon Industry)
2024-08-06,172.6,000360,锆产业指数 (Zircon Industry)
2024-08-05,172.6,000360,锆产业指数 (Zircon Industry)
2024-08-02,172.6,000360,锆产业指数 (Zircon Industry)
2024-08-01,172.6,000360,锆产业指数 (Zircon Industry)
2024-07-31,172.6,000360,锆产业指数 (Zircon Industry)
2024-07-30,173.19,000360,锆产业指数 (Zircon Industry)
2024-07-29,173.19,000360,锆产业指数 (Zircon Industry)
2024-07-26,173.19,000360,锆产业指数 (Zircon Industry)
2024-07-25,173.19,000360,锆产业指数 (Zircon Industry)
2024-07-24,173.19,000360,锆产业指数 (Zircon Industry)
2024-07-23,173.19,000360,锆产业指数 (Zircon Industry)
2024-07-22,173.19,000360,锆产业指数 (Zircon Industry)
2024-07-19,173.19,000360,锆产业指数 (Zircon Industry)
2024-07-18,173.19,000360,锆产业指数 (Zircon Industry)
2024-07-17,173.19,000360,锆产业指数 (Zircon Industry)
2024-07-16,173.19,000360,锆产业指数 (Zircon Industry)
2024-07-15,173.19,000360,锆产业指数 (Zircon Industry)
2024-07-12,173.19,000360,锆产业指数 (Zircon Industry)
2024-07-11,173.19,000360,锆产业指数 (Zircon Industry)
2024-07-10,173.19,000360,锆产业指数 (Zircon Industry)
2024-07-09,173.19,000360,锆产业指数 (Zircon Industry)
2024-07-08,173.19,000360,锆产业指数 (Zircon Industry)
2024-07-05,173.19,000360,锆产业指数 (Zircon Industry)
2024-07-04,173.74,000360,锆产业指数 (Zircon Industry)
2024-07-03,173.74,000360,锆产业指数 (Zircon Industry)
2024-07-02,173.74,000360,锆产业指数 (Zircon Industry)
2024-07-01,173.74,000360,锆产业指数 (Zircon Industry)
2024-06-28,173.74,000360,锆产业指数 (Zircon Industry)
2024-06-27,173.74,000360,锆产业指数 (Zircon Industry)
2024-06-26,174.11,000360,锆产业指数 (Zircon Industry)
2024-06-25,174.11,000360,锆产业指数 (Zircon Industry)
2024-06-24,174.11,000360,锆产业指数 (Zircon Industry)
2024-06-21,174.29,000360,锆产业指数 (Zircon Industry)
2024-06-20,174.29,000360,锆产业指数 (Zircon Industry)
2024-06-19,174.29,000360,锆产业指数 (Zircon Industry)
2024-06-18,174.29,000360,锆产业指数 (Zircon Industry)
2024-06-17,174.29,000360,锆产业指数 (Zircon Industry)
2024-06-14,174.29,000360,锆产业指数 (Zircon Industry)
2024-06-13,174.29,000360,锆产业指数 (Zircon Industry)
2024-06-12,174.29,000360,锆产业指数 (Zircon Industry)
2024-06-11,174.29,000360,锆产业指数 (Zircon Industry)
2024-06-07,174.29,000360,锆产业指数 (Zircon Industry)
2024-06-06,174.29,000360,锆产业指数 (Zircon Industry)
2024-06-05,174.29,000360,锆产业指数 (Zircon Industry)
2024-06-04,174.29,000360,锆产业指数 (Zircon Industry)
2024-06-03,175.3,000360,锆产业指数 (Zircon Industry)
2024-05-31,175.3,000360,锆产业指数 (Zircon Industry)
2024-05-30,175.57,000360,锆产业指数 (Zircon Industry)
2024-05-29,175.57,000360,锆产业指数 (Zircon Industry)
2024-05-28,174.57,000360,锆产业指数 (Zircon Industry)
2024-05-27,174.57,000360,锆产业指数 (Zircon Industry)
2024-05-24,174.57,000360,锆产业指数 (Zircon Industry)
2024-05-23,174.57,000360,锆产业指数 (Zircon Industry)
2024-05-22,174.57,000360,锆产业指数 (Zircon Industry)
2024-05-21,174.57,000360,锆产业指数 (Zircon Industry)
2024-05-20,174.6,000360,锆产业指数 (Zircon Industry)
2024-05-17,174.6,000360,锆产业指数 (Zircon Industry)
2024-05-16,174.6,000360,锆产业指数 (Zircon Industry)
2024-05-15,174.6,000360,锆产业指数 (Zircon Industry)
2024-05-14,174.6,000360,锆产业指数 (Zircon Industry)
2024-05-13,174.6,000360,锆产业指数 (Zircon Industry)
2024-05-11,174.6,000360,锆产业指数 (Zircon Industry)
2024-05-10,174.6,000360,锆产业指数 (Zircon Industry)
2024-05-09,174.6,000360,锆产业指数 (Zircon Industry)
2024-05-08,174.6,000360,锆产业指数 (Zircon Industry)
2024-05-07,174.6,000360,锆产业指数 (Zircon Industry)
2024-05-06,174.6,000360,锆产业指数 (Zircon Industry)
2024-04-30,174.6,000360,锆产业指数 (Zircon Industry)
2024-04-29,174.6,000360,锆产业指数 (Zircon Industry)
2024-04-28,174.6,000360,锆产业指数 (Zircon Industry)
2024-04-26,174.6,000360,锆产业指数 (Zircon Industry)
2024-04-25,174.6,000360,锆产业指数 (Zircon Industry)
2024-04-24,174.6,000360,锆产业指数 (Zircon Industry)
2024-04-23,174.6,000360,锆产业指数 (Zircon Industry)
2024-04-22,174.6,000360,锆产业指数 (Zircon Industry)
2024-04-19,174.6,000360,锆产业指数 (Zircon Industry)
2024-04-18,174.6,000360,锆产业指数 (Zircon Industry)
2024-04-17,174.6,000360,锆产业指数 (Zircon Industry)
2024-04-16,174.57,000360,锆产业指数 (Zircon Industry)
2024-04-15,174.57,000360,锆产业指数 (Zircon Industry)
2024-04-12,174.57,000360,锆产业指数 (Zircon Industry)
2024-04-11,174.57,000360,锆产业指数 (Zircon Industry)
2024-04-10,174.57,000360,锆产业指数 (Zircon Industry)
2024-04-09,174.57,000360,锆产业指数 (Zircon Industry)
2024-04-08,174.57,000360,锆产业指数 (Zircon Industry)
2024-04-07,174.37,000360,锆产业指数 (Zircon Industry)
2024-04-03,174.37,000360,锆产业指数 (Zircon Industry)
2024-04-02,174.37,000360,锆产业指数 (Zircon Industry)
2024-04-01,174.37,000360,锆产业指数 (Zircon Industry)
2024-03-29,174.37,000360,锆产业指数 (Zircon Industry)
2024-03-28,174.37,000360,锆产业指数 (Zircon Industry)
2024-03-27,174.19,000360,锆产业指数 (Zircon Industry)
2024-03-26,174.19,000360,锆产业指数 (Zircon Industry)
2024-03-25,174.19,000360,锆产业指数 (Zircon Industry)
2024-03-22,174.19,000360,锆产业指数 (Zircon Industry)
2024-03-21,174.19,000360,锆产业指数 (Zircon Industry)
2024-03-20,174.19,000360,锆产业指数 (Zircon Industry)
2024-03-19,174.19,000360,锆产业指数 (Zircon Industry)
2024-03-18,174.19,000360,锆产业指数 (Zircon Industry)
2024-03-15,174.19,000360,锆产业指数 (Zircon Industry)
2024-03-14,174.19,000360,锆产业指数 (Zircon Industry)
2024-03-13,174.19,000360,锆产业指数 (Zircon Industry)
2024-03-12,174.19,000360,锆产业指数 (Zircon Industry)
2024-03-11,174.19,000360,锆产业指数 (Zircon Industry)
2024-03-08,174.19,000360,锆产业指数 (Zircon Industry)
2024-03-07,174.19,000360,锆产业指数 (Zircon Industry)
2024-03-06,171.44,000360,锆产业指数 (Zircon Industry)
2024-03-05,171.44,000360,锆产业指数 (Zircon Industry)
2024-03-04,171.44,000360,锆产业指数 (Zircon Industry)
2024-03-01,171.44,000360,锆产业指数 (Zircon Industry)
2024-02-29,171.44,000360,锆产业指数 (Zircon Industry)
2024-02-28,171.44,000360,锆产业指数 (Zircon Industry)
2024-02-27,171.44,000360,锆产业指数 (Zircon Industry)
2024-02-26,171.44,000360,锆产业指数 (Zircon Industry)
2024-02-23,171.44,000360,锆产业指数 (Zircon Industry)
2024-02-22,171.44,000360,锆产业指数 (Zircon Industry)
2024-02-21,170.44,000360,锆产业指数 (Zircon Industry)
2024-02-20,170.44,000360,锆产业指数 (Zircon Industry)
2024-02-19,168.58,000360,锆产业指数 (Zircon Industry)
2024-02-18,168.58,000360,锆产业指数 (Zircon Industry)
2024-02-05,168.58,000360,锆产业指数 (Zircon Industry)
2024-02-04,168.58,000360,锆产业指数 (Zircon Industry)
2024-02-02,168.58,000360,锆产业指数 (Zircon Industry)
2024-02-01,168.58,000360,锆产业指数 (Zircon Industry)
2024-01-31,168.58,000360,锆产业指数 (Zircon Industry)
2024-01-30,168.58,000360,锆产业指数 (Zircon Industry)
2024-01-29,168.58,000360,锆产业指数 (Zircon Industry)
2024-01-26,168.58,000360,锆产业指数 (Zircon Industry)
2024-01-25,168.58,000360,锆产业指数 (Zircon Industry)
2024-01-24,168.58,000360,锆产业指数 (Zircon Industry)
2024-01-23,168.58,000360,锆产业指数 (Zircon Industry)
2024-01-22,168.58,000360,锆产业指数 (Zircon Industry)
2024-01-19,168.58,000360,锆产业指数 (Zircon Industry)
2024-01-18,168.58,000360,锆产业指数 (Zircon Industry)
2024-01-17,168.58,000360,锆产业指数 (Zircon Industry)
2024-01-16,168.58,000360,锆产业指数 (Zircon Industry)
2024-01-15,168.02,000360,锆产业指数 (Zircon Industry)
2024-01-12,168.02,000360,锆产业指数 (Zircon Industry)
2024-01-11,168.02,000360,锆产业指数 (Zircon Industry)
2024-01-10,168.02,000360,锆产业指数 (Zircon Industry)
2024-01-09,168.02,000360,锆产业指数 (Zircon Industry)
2024-01-08,168.02,000360,锆产业指数 (Zircon Industry)
2024-01-05,168.02,000360,锆产业指数 (Zircon Industry)
2024-01-04,168.02,000360,锆产业指数 (Zircon Industry)
2024-01-03,167.47,000360,锆产业指数 (Zircon Industry)
2024-01-02,167.47,000360,锆产业指数 (Zircon Industry)
2023-12-29,167.47,000360,锆产业指数 (Zircon Industry)
2023-12-28,166.99,000360,锆产业指数 (Zircon Industry)
2023-12-27,166.99,000360,锆产业指数 (Zircon Industry)
2023-12-26,166.99,000360,锆产业指数 (Zircon Industry)
2023-12-25,166.5,000360,锆产业指数 (Zircon Industry)
2023-12-22,166.5,000360,锆产业指数 (Zircon Industry)
2023-12-21,166.5,000360,锆产业指数 (Zircon Industry)
2023-12-20,166.5,000360,锆产业指数 (Zircon Industry)
2023-12-19,166.5,000360,锆产业指数 (Zircon Industry)
2023-12-18,166.5,000360,锆产业指数 (Zircon Industry)
2023-12-15,166.5,000360,锆产业指数 (Zircon Industry)
2023-12-14,166.5,000360,锆产业指数 (Zircon Industry)
2023-12-13,166.5,000360,锆产业指数 (Zircon Industry)
2023-12-12,166.5,000360,锆产业指数 (Zircon Industry)
2023-12-11,166.5,000360,锆产业指数 (Zircon Industry)
2023-12-08,166.5,000360,锆产业指数 (Zircon Industry)
2023-12-07,166.99,000360,锆产业指数 (Zircon Industry)
2023-12-06,166.99,000360,锆产业指数 (Zircon Industry)
2023-12-05,166.99,000360,锆产业指数 (Zircon Industry)
2023-12-04,166.99,000360,锆产业指数 (Zircon Industry)
2023-12-01,166.99,000360,锆产业指数 (Zircon Industry)
2023-11-30,166.99,000360,锆产业指数 (Zircon Industry)
2023-11-29,166.99,000360,锆产业指数 (Zircon Industry)
2023-11-28,166.99,000360,锆产业指数 (Zircon Industry)
2023-11-27,166.99,000360,锆产业指数 (Zircon Industry)
2023-11-24,166.99,000360,锆产业指数 (Zircon Industry)
2023-11-23,166.99,000360,锆产业指数 (Zircon Industry)
2023-11-22,166.99,000360,锆产业指数 (Zircon Industry)
2023-11-21,167.69,000360,锆产业指数 (Zircon Industry)
2023-11-20,168.17,000360,锆产业指数 (Zircon Industry)
2023-11-17,168.17,000360,锆产业指数 (Zircon Industry)
2023-11-16,168.17,000360,锆产业指数 (Zircon Industry)
2023-11-15,168.17,000360,锆产业指数 (Zircon Industry)
2023-11-14,168.9,000360,锆产业指数 (Zircon Industry)
2023-11-13,168.9,000360,锆产业指数 (Zircon Industry)
2023-11-10,168.9,000360,锆产业指数 (Zircon Industry)
2023-11-09,168.9,000360,锆产业指数 (Zircon Industry)
2023-11-08,168.9,000360,锆产业指数 (Zircon Industry)
2023-11-07,168.9,000360,锆产业指数 (Zircon Industry)
2023-11-06,168.9,000360,锆产业指数 (Zircon Industry)
2023-11-03,168.9,000360,锆产业指数 (Zircon Industry)
2023-11-02,168.9,000360,锆产业指数 (Zircon Industry)
2023-11-01,168.9,000360,锆产业指数 (Zircon Industry)
2023-10-31,168.9,000360,锆产业指数 (Zircon Industry)
2023-10-30,169.6,000360,锆产业指数 (Zircon Industry)
2023-10-27,169.6,000360,锆产业指数 (Zircon Industry)
2023-10-26,169.6,000360,锆产业指数 (Zircon Industry)
2023-10-25,171.0,000360,锆产业指数 (Zircon Industry)
2023-10-24,171.55,000360,锆产业指数 (Zircon Industry)
2023-10-23,171.55,000360,锆产业指数 (Zircon Industry)
2023-10-20,171.55,000360,锆产业指数 (Zircon Industry)
2023-10-19,171.55,000360,锆产业指数 (Zircon Industry)
2023-10-18,171.55,000360,锆产业指数 (Zircon Industry)
2023-10-17,171.55,000360,锆产业指数 (Zircon Industry)
2023-10-16,171.55,000360,锆产业指数 (Zircon Industry)
2023-10-13,171.55,000360,锆产业指数 (Zircon Industry)
2023-10-12,171.55,000360,锆产业指数 (Zircon Industry)
2023-10-11,171.79,000360,锆产业指数 (Zircon Industry)
2023-10-10,171.79,000360,锆产业指数 (Zircon Industry)
2023-10-09,171.79,000360,锆产业指数 (Zircon Industry)
2023-10-08,171.79,000360,锆产业指数 (Zircon Industry)
2023-10-07,171.79,000360,锆产业指数 (Zircon Industry)
2023-09-28,171.79,000360,锆产业指数 (Zircon Industry)
2023-09-27,171.79,000360,锆产业指数 (Zircon Industry)
2023-09-26,171.79,000360,锆产业指数 (Zircon Industry)
2023-09-25,171.79,000360,锆产业指数 (Zircon Industry)
2023-09-22,171.79,000360,锆产业指数 (Zircon Industry)
2023-09-21,171.79,000360,锆产业指数 (Zircon Industry)
2023-09-20,171.79,000360,锆产业指数 (Zircon Industry)
2023-09-19,171.79,000360,锆产业指数 (Zircon Industry)
2023-09-18,171.79,000360,锆产业指数 (Zircon Industry)
2023-09-15,171.79,000360,锆产业指数 (Zircon Industry)
2023-09-14,171.98,000360,锆产业指数 (Zircon Industry)
2023-09-13,171.98,000360,锆产业指数 (Zircon Industry)
2023-09-12,171.98,000360,锆产业指数 (Zircon Industry)
2023-09-11,171.98,000360,锆产业指数 (Zircon Industry)
2023-09-08,171.98,000360,锆产业指数 (Zircon Industry)
2023-09-07,171.98,000360,锆产业指数 (Zircon Industry)
2023-09-06,171.98,000360,锆产业指数 (Zircon Industry)
2023-09-05,173.44,000360,锆产业指数 (Zircon Industry)
2023-09-04,173.44,000360,锆产业指数 (Zircon Industry)
2023-09-01,173.44,000360,锆产业指数 (Zircon Industry)
2023-08-31,173.44,000360,锆产业指数 (Zircon Industry)
2023-08-30,174.54,000360,锆产业指数 (Zircon Industry)
2023-08-29,174.54,000360,锆产业指数 (Zircon Industry)
2023-08-28,175.24,000360,锆产业指数 (Zircon Industry)
2023-08-25,175.24,000360,锆产业指数 (Zircon Industry)
2023-08-24,175.24,000360,锆产业指数 (Zircon Industry)
2023-08-23,175.24,000360,锆产业指数 (Zircon Industry)
2023-08-22,175.24,000360,锆产业指数 (Zircon Industry)
2023-08-21,175.24,000360,锆产业指数 (Zircon Industry)
2023-08-18,175.24,000360,锆产业指数 (Zircon Industry)
2023-08-17,175.67,000360,锆产业指数 (Zircon Industry)
2023-08-16,175.67,000360,锆产业指数 (Zircon Industry)
2023-08-15,175.67,000360,锆产业指数 (Zircon Industry)
2023-08-14,176.49,000360,锆产业指数 (Zircon Industry)
2023-08-11,176.49,000360,锆产业指数 (Zircon Industry)
2023-08-10,176.49,000360,锆产业指数 (Zircon Industry)
2023-08-09,176.49,000360,锆产业指数 (Zircon Industry)
2023-08-08,176.49,000360,锆产业指数 (Zircon Industry)
2023-08-07,177.22,000360,锆产业指数 (Zircon Industry)
2023-08-04,177.22,000360,锆产业指数 (Zircon Industry)
2023-08-03,177.22,000360,锆产业指数 (Zircon Industry)
2023-08-02,177.71,000360,锆产业指数 (Zircon Industry)
2023-08-01,177.71,000360,锆产业指数 (Zircon Industry)
2023-07-31,177.71,000360,锆产业指数 (Zircon Industry)
2023-07-28,177.71,000360,锆产业指数 (Zircon Industry)
2023-07-27,177.71,000360,锆产业指数 (Zircon Industry)
2023-07-26,178.41,000360,锆产业指数 (Zircon Industry)
2023-07-25,178.41,000360,锆产业指数 (Zircon Industry)
2023-07-24,178.41,000360,锆产业指数 (Zircon Industry)
2023-07-21,178.41,000360,锆产业指数 (Zircon Industry)
2023-07-20,179.23,000360,锆产业指数 (Zircon Industry)
2023-07-19,179.23,000360,锆产业指数 (Zircon Industry)
2023-07-18,179.31,000360,锆产业指数 (Zircon Industry)
2023-07-17,179.31,000360,锆产业指数 (Zircon Industry)
2023-07-14,179.31,000360,锆产业指数 (Zircon Industry)
2023-07-13,179.45,000360,锆产业指数 (Zircon Industry)
2023-07-12,180.88,000360,锆产业指数 (Zircon Industry)
2023-07-11,184.54,000360,锆产业指数 (Zircon Industry)
2023-07-10,184.54,000360,锆产业指数 (Zircon Industry)
2023-07-07,184.54,000360,锆产业指数 (Zircon Industry)
2023-07-06,184.54,000360,锆产业指数 (Zircon Industry)
2023-07-05,184.54,000360,锆产业指数 (Zircon Industry)
2023-07-04,186.24,000360,锆产业指数 (Zircon Industry)
2023-07-03,186.24,000360,锆产业指数 (Zircon Industry)
2023-06-30,186.24,000360,锆产业指数 (Zircon Industry)
2023-06-29,186.24,000360,锆产业指数 (Zircon Industry)
2023-06-28,186.24,000360,锆产业指数 (Zircon Industry)
2023-06-27,186.24,000360,锆产业指数 (Zircon Industry)
2023-06-26,186.24,000360,锆产业指数 (Zircon Industry)
2023-06-25,186.24,000360,锆产业指数 (Zircon Industry)
2023-06-21,186.24,000360,锆产业指数 (Zircon Industry)
2023-06-20,186.71,000360,锆产业指数 (Zircon Industry)
2023-06-19,186.71,000360,锆产业指数 (Zircon Industry)
2023-06-16,186.71,000360,锆产业指数 (Zircon Industry)
2023-06-15,186.71,000360,锆产业指数 (Zircon Industry)
2023-06-14,187.11,000360,锆产业指数 (Zircon Industry)
2023-06-13,187.81,000360,锆产业指数 (Zircon Industry)
2023-06-12,187.81,000360,锆产业指数 (Zircon Industry)
2023-06-09,187.81,000360,锆产业指数 (Zircon Industry)
2023-06-08,188.73,000360,锆产业指数 (Zircon Industry)
2023-06-07,188.73,000360,锆产业指数 (Zircon Industry)
2023-06-06,188.73,000360,锆产业指数 (Zircon Industry)
2023-06-05,188.73,000360,锆产业指数 (Zircon Industry)
2023-06-02,188.73,000360,锆产业指数 (Zircon Industry)
2023-06-01,189.86,000360,锆产业指数 (Zircon Industry)
2023-05-31,189.86,000360,锆产业指数 (Zircon Industry)
2023-05-30,189.86,000360,锆产业指数 (Zircon Industry)
2023-05-29,189.86,000360,锆产业指数 (Zircon Industry)
2023-05-26,189.86,000360,锆产业指数 (Zircon Industry)
2023-05-25,189.86,000360,锆产业指数 (Zircon Industry)
2023-05-24,189.86,000360,锆产业指数 (Zircon Industry)
2023-05-23,189.86,000360,锆产业指数 (Zircon Industry)
2023-05-22,189.86,000360,锆产业指数 (Zircon Industry)
2023-05-19,189.86,000360,锆产业指数 (Zircon Industry)
2023-05-18,189.9,000360,锆产业指数 (Zircon Industry)
2023-05-17,189.9,000360,锆产业指数 (Zircon Industry)
2023-05-16,189.9,000360,锆产业指数 (Zircon Industry)
2023-05-15,190.6,000360,锆产业指数 (Zircon Industry)
2023-05-12,190.6,000360,锆产业指数 (Zircon Industry)
2023-05-11,191.16,000360,锆产业指数 (Zircon Industry)
2023-05-10,191.16,000360,锆产业指数 (Zircon Industry)
2023-05-09,191.16,000360,锆产业指数 (Zircon Industry)
2023-05-08,191.16,000360,锆产业指数 (Zircon Industry)
2023-05-06,192.0,000360,锆产业指数 (Zircon Industry)
2023-05-05,192.0,000360,锆产业指数 (Zircon Industry)
2023-05-04,192.0,000360,锆产业指数 (Zircon Industry)
2023-04-28,192.0,000360,锆产业指数 (Zircon Industry)
2023-04-27,192.7,000360,锆产业指数 (Zircon Industry)
2023-04-26,193.81,000360,锆产业指数 (Zircon Industry)
2023-04-25,193.81,000360,锆产业指数 (Zircon Industry)
2023-04-24,193.81,000360,锆产业指数 (Zircon Industry)
2023-04-23,194.12,000360,锆产业指数 (Zircon Industry)
2023-04-21,194.12,000360,锆产业指数 (Zircon Industry)
2023-04-20,194.12,000360,锆产业指数 (Zircon Industry)
2023-04-19,195.78,000360,锆产业指数 (Zircon Industry)
2023-04-18,196.75,000360,锆产业指数 (Zircon Industry)
2023-04-17,196.75,000360,锆产业指数 (Zircon Industry)
2023-04-14,196.75,000360,锆产业指数 (Zircon Industry)
2023-04-13,196.75,000360,锆产业指数 (Zircon Industry)
2023-04-12,196.99,000360,锆产业指数 (Zircon Industry)
2023-04-11,196.99,000360,锆产业指数 (Zircon Industry)
2023-04-10,196.99,000360,锆产业指数 (Zircon Industry)
2023-04-07,196.99,000360,锆产业指数 (Zircon Industry)
2023-04-06,196.99,000360,锆产业指数 (Zircon Industry)
